mik_id,code,price,status,used_at,expires_at,hotspotId,hotspot_name,planId,plan_name,transactionId,pdfUrl,createdAt
fa51236f-78f8-4532-8d70-c7803ba8b53b,RFZ474B,3000,ACTIVE,,,7cb71057-768a-4d6c-b171-8427e4eecde2,KOLIA WIFI ZONE,6ca042d2-f44a-4384-9ef6-effbb75269fb,5 heures,,,2026-06-21T15:32:56.838Z
1453be3a-0698-468e-a5af-855e3b4a9177,F2HC6AO,3000,ACTIVE,,,7cb71057-768a-4d6c-b171-8427e4eecde2,KOLIA WIFI ZONE,6ca042d2-f44a-4384-9ef6-effbb75269fb,5 heures,,,2026-06-21T15:32:57.414Z
85666e8a-2391-4ffa-82f0-f24534440f79,7P1C68Y,3000,ACTIVE,,,7cb71057-768a-4d6c-b171-8427e4eecde2,KOLIA WIFI ZONE,6ca042d2-f44a-4384-9ef6-effbb75269fb,5 heures,,,2026-06-21T15:32:57.681Z
d59b0957-9fc5-438a-ad2c-dcf13d97a865,JK0PJIW,3000,ACTIVE,,,7cb71057-768a-4d6c-b171-8427e4eecde2,KOLIA WIFI ZONE,6ca042d2-f44a-4384-9ef6-effbb75269fb,5 heures,,,2026-06-21T15:32:57.890Z
897e6adf-5bae-4e9e-b9aa-305d04845a18,PKGKS46,3000,ACTIVE,,,7cb71057-768a-4d6c-b171-8427e4eecde2,KOLIA WIFI ZONE,6ca042d2-f44a-4384-9ef6-effbb75269fb,5 heures,,,2026-06-21T15:32:58.117Z
db08430d-9b42-4f59-bc71-35658a99e4d1,LCA554J,3000,ACTIVE,,,7cb71057-768a-4d6c-b171-8427e4eecde2,KOLIA WIFI ZONE,6ca042d2-f44a-4384-9ef6-effbb75269fb,5 heures,,,2026-06-21T15:32:58.369Z
8a07572e-2881-4b2c-8070-626eaa6dfc55,JGX4QAO,3000,ACTIVE,,,7cb71057-768a-4d6c-b171-8427e4eecde2,KOLIA WIFI ZONE,6ca042d2-f44a-4384-9ef6-effbb75269fb,5 heures,,,2026-06-21T15:32:58.576Z
d84e1a24-ca20-4be8-a067-ae2a0d67fe81,L1BVI3F,3000,ACTIVE,,,7cb71057-768a-4d6c-b171-8427e4eecde2,KOLIA WIFI ZONE,6ca042d2-f44a-4384-9ef6-effbb75269fb,5 heures,,,2026-06-21T15:32:58.769Z
4bb6e703-9737-4915-9f3f-e74d4d110df8,BRYJAH9,3000,ACTIVE,,,7cb71057-768a-4d6c-b171-8427e4eecde2,KOLIA WIFI ZONE,6ca042d2-f44a-4384-9ef6-effbb75269fb,5 heures,,,2026-06-21T15:32:59.030Z
3e68b2fb-e4c7-4fc1-8560-b495af47e6ab,LS8HOSG,3000,ACTIVE,,,7cb71057-768a-4d6c-b171-8427e4eecde2,KOLIA WIFI ZONE,6ca042d2-f44a-4384-9ef6-effbb75269fb,5 heures,,,2026-06-21T15:32:59.226Z
192397ca-590c-444a-8262-0e6c3b95dc03,9ZSPQ0L,3000,ACTIVE,,,7cb71057-768a-4d6c-b171-8427e4eecde2,KOLIA WIFI ZONE,6ca042d2-f44a-4384-9ef6-effbb75269fb,5 heures,,,2026-06-21T15:32:59.430Z
34365849-99b1-4518-8d6d-40779661b251,DT0E7J3,3000,ACTIVE,,,7cb71057-768a-4d6c-b171-8427e4eecde2,KOLIA WIFI ZONE,6ca042d2-f44a-4384-9ef6-effbb75269fb,5 heures,,,2026-06-21T15:32:59.679Z
6e76838f-c282-4801-881b-213082d6403f,MOIM3TB,3000,ACTIVE,,,7cb71057-768a-4d6c-b171-8427e4eecde2,KOLIA WIFI ZONE,6ca042d2-f44a-4384-9ef6-effbb75269fb,5 heures,,,2026-06-21T15:32:59.890Z
8acab740-fb60-41ec-a120-3578c3b3a7dd,CNPUZ2M,3000,ACTIVE,,,7cb71057-768a-4d6c-b171-8427e4eecde2,KOLIA WIFI ZONE,6ca042d2-f44a-4384-9ef6-effbb75269fb,5 heures,,,2026-06-21T15:33:00.101Z
8c341330-b250-4495-ab69-0987fc48d5ff,70K78FL,3000,ACTIVE,,,7cb71057-768a-4d6c-b171-8427e4eecde2,KOLIA WIFI ZONE,6ca042d2-f44a-4384-9ef6-effbb75269fb,5 heures,,,2026-06-21T15:33:00.352Z
aa7d7c9b-4a9f-4f2f-bcf6-179f64303fd4,PED0R9I,5000,ACTIVE,,,7cb71057-768a-4d6c-b171-8427e4eecde2,KOLIA WIFI ZONE,e4fa1a5f-42a7-4d1b-bd73-22f9ec6e6d7f,24 heures,,,2026-06-21T15:33:04.291Z
722d1290-b4ba-4807-b3c3-393f88f93561,K0CAB6F,5000,ACTIVE,,,7cb71057-768a-4d6c-b171-8427e4eecde2,KOLIA WIFI ZONE,e4fa1a5f-42a7-4d1b-bd73-22f9ec6e6d7f,24 heures,,,2026-06-21T15:33:05.826Z
8e9baf51-2f5c-4ab3-b168-1b08b235ebfd,W0AUA6B,5000,ACTIVE,,,7cb71057-768a-4d6c-b171-8427e4eecde2,KOLIA WIFI ZONE,e4fa1a5f-42a7-4d1b-bd73-22f9ec6e6d7f,24 heures,,,2026-06-21T15:33:06.060Z
02c9fb1a-c3b8-4bbb-820d-39b5871a620f,73NYZ60,5000,ACTIVE,,,7cb71057-768a-4d6c-b171-8427e4eecde2,KOLIA WIFI ZONE,e4fa1a5f-42a7-4d1b-bd73-22f9ec6e6d7f,24 heures,,,2026-06-21T15:33:06.252Z
d8a724b3-2bb7-4a87-85cf-001e773226a5,JW7DJ1E,5000,ACTIVE,,,7cb71057-768a-4d6c-b171-8427e4eecde2,KOLIA WIFI ZONE,e4fa1a5f-42a7-4d1b-bd73-22f9ec6e6d7f,24 heures,,,2026-06-21T15:33:06.449Z
74cb48a3-f510-44ae-92ab-944964ec25ea,I1S1IE8,5000,ACTIVE,,,7cb71057-768a-4d6c-b171-8427e4eecde2,KOLIA WIFI ZONE,e4fa1a5f-42a7-4d1b-bd73-22f9ec6e6d7f,24 heures,,,2026-06-21T15:33:06.699Z
0082f073-c741-4123-ac57-d71cfd615946,CPUY09F,5000,ACTIVE,,,7cb71057-768a-4d6c-b171-8427e4eecde2,KOLIA WIFI ZONE,e4fa1a5f-42a7-4d1b-bd73-22f9ec6e6d7f,24 heures,,,2026-06-21T15:33:06.912Z
0ffd3cdc-d780-4788-bf7c-8a56af6b26ca,8A3OA67,5000,ACTIVE,,,7cb71057-768a-4d6c-b171-8427e4eecde2,KOLIA WIFI ZONE,e4fa1a5f-42a7-4d1b-bd73-22f9ec6e6d7f,24 heures,,,2026-06-21T15:33:07.125Z
2a3e4d3d-d209-4e87-bafc-b1f42a2f86e0,WX2P12U,5000,ACTIVE,,,7cb71057-768a-4d6c-b171-8427e4eecde2,KOLIA WIFI ZONE,e4fa1a5f-42a7-4d1b-bd73-22f9ec6e6d7f,24 heures,,,2026-06-21T15:33:07.384Z
386265de-09c9-4f21-aac1-d26edff9f9d6,OOHPI92,5000,ACTIVE,,,7cb71057-768a-4d6c-b171-8427e4eecde2,KOLIA WIFI ZONE,e4fa1a5f-42a7-4d1b-bd73-22f9ec6e6d7f,24 heures,,,2026-06-21T15:33:07.612Z
9f253d1c-1c31-4c58-ad78-ef7ed97b692d,D3ZQJPH,5000,ACTIVE,,,7cb71057-768a-4d6c-b171-8427e4eecde2,KOLIA WIFI ZONE,e4fa1a5f-42a7-4d1b-bd73-22f9ec6e6d7f,24 heures,,,2026-06-21T15:33:07.823Z
3b37b536-b8f5-4336-aad9-3d542fb62925,WUH3605,5000,ACTIVE,,,7cb71057-768a-4d6c-b171-8427e4eecde2,KOLIA WIFI ZONE,e4fa1a5f-42a7-4d1b-bd73-22f9ec6e6d7f,24 heures,,,2026-06-21T15:33:08.065Z
f08a9b3c-69d8-4eab-b3d4-7dc87aceae5b,NB94GPF,5000,ACTIVE,,,7cb71057-768a-4d6c-b171-8427e4eecde2,KOLIA WIFI ZONE,e4fa1a5f-42a7-4d1b-bd73-22f9ec6e6d7f,24 heures,,,2026-06-21T15:33:08.277Z
880f280d-30a7-4e2a-ba58-0fa7796d7ab4,FRIIOVL,5000,ACTIVE,,,7cb71057-768a-4d6c-b171-8427e4eecde2,KOLIA WIFI ZONE,e4fa1a5f-42a7-4d1b-bd73-22f9ec6e6d7f,24 heures,,,2026-06-21T15:33:08.496Z
d8e0040f-ea41-425d-ab87-cdc222ac4315,L5QQT6F,5000,ACTIVE,,,7cb71057-768a-4d6c-b171-8427e4eecde2,KOLIA WIFI ZONE,e4fa1a5f-42a7-4d1b-bd73-22f9ec6e6d7f,24 heures,,,2026-06-21T15:33:08.759Z
fc60f08c-992e-49c5-85b6-1c7166889936,6ODEI6Z,10000,ACTIVE,,,7cb71057-768a-4d6c-b171-8427e4eecde2,KOLIA WIFI ZONE,9b661a8d-224e-4798-b958-15aac870c10c,3 jours,,,2026-06-21T15:33:12.713Z
e0f9a369-f08d-4133-8433-b6102fda3bcd,Y832YTK,10000,ACTIVE,,,7cb71057-768a-4d6c-b171-8427e4eecde2,KOLIA WIFI ZONE,9b661a8d-224e-4798-b958-15aac870c10c,3 jours,,,2026-06-21T15:33:12.916Z
2515771a-5a80-4301-8601-738e36e78942,63ZQK2E,10000,ACTIVE,,,7cb71057-768a-4d6c-b171-8427e4eecde2,KOLIA WIFI ZONE,9b661a8d-224e-4798-b958-15aac870c10c,3 jours,,,2026-06-21T15:33:13.154Z
b7529198-d286-4610-96d0-b3e5db17a02f,8BCGVLT,10000,ACTIVE,,,7cb71057-768a-4d6c-b171-8427e4eecde2,KOLIA WIFI ZONE,9b661a8d-224e-4798-b958-15aac870c10c,3 jours,,,2026-06-21T15:33:13.351Z
3d7e8c76-d6eb-4af1-9a96-73590a878ce5,QU2RUQO,10000,ACTIVE,,,7cb71057-768a-4d6c-b171-8427e4eecde2,KOLIA WIFI ZONE,9b661a8d-224e-4798-b958-15aac870c10c,3 jours,,,2026-06-21T15:33:13.554Z
f9d7f861-1100-4c54-8912-415fffe44de7,VBKTCMM,10000,ACTIVE,,,7cb71057-768a-4d6c-b171-8427e4eecde2,KOLIA WIFI ZONE,9b661a8d-224e-4798-b958-15aac870c10c,3 jours,,,2026-06-21T15:33:13.794Z
1a560935-30c1-48c3-a286-defb4343018c,UBYPFLX,10000,ACTIVE,,,7cb71057-768a-4d6c-b171-8427e4eecde2,KOLIA WIFI ZONE,9b661a8d-224e-4798-b958-15aac870c10c,3 jours,,,2026-06-21T15:33:13.982Z
846fbf81-85b9-442f-844f-ec2b11ab6639,N0M6A5Z,10000,ACTIVE,,,7cb71057-768a-4d6c-b171-8427e4eecde2,KOLIA WIFI ZONE,9b661a8d-224e-4798-b958-15aac870c10c,3 jours,,,2026-06-21T15:33:14.177Z
67f01795-d146-463b-bd67-8bd3bfaae9c7,6WH63I4,10000,ACTIVE,,,7cb71057-768a-4d6c-b171-8427e4eecde2,KOLIA WIFI ZONE,9b661a8d-224e-4798-b958-15aac870c10c,3 jours,,,2026-06-21T15:33:14.410Z
7999fa2d-bda2-418c-a805-f441c47ec41b,6CK3YT1,10000,ACTIVE,,,7cb71057-768a-4d6c-b171-8427e4eecde2,KOLIA WIFI ZONE,9b661a8d-224e-4798-b958-15aac870c10c,3 jours,,,2026-06-21T15:33:14.598Z
7fde23a0-e8ac-46c8-a573-a721c771be6d,DC0539Z,10000,ACTIVE,,,7cb71057-768a-4d6c-b171-8427e4eecde2,KOLIA WIFI ZONE,9b661a8d-224e-4798-b958-15aac870c10c,3 jours,,,2026-06-21T15:33:14.794Z
0712f6b2-e8a9-436a-835b-065992379919,PA3OP6F,10000,ACTIVE,,,7cb71057-768a-4d6c-b171-8427e4eecde2,KOLIA WIFI ZONE,9b661a8d-224e-4798-b958-15aac870c10c,3 jours,,,2026-06-21T15:33:15.038Z
99d44365-8b45-438a-9fb2-d50431ffa505,UX1396O,10000,ACTIVE,,,7cb71057-768a-4d6c-b171-8427e4eecde2,KOLIA WIFI ZONE,9b661a8d-224e-4798-b958-15aac870c10c,3 jours,,,2026-06-21T15:33:15.236Z
db3febf7-4ded-4239-807e-2fde85bc76df,WZF9E29,10000,ACTIVE,,,7cb71057-768a-4d6c-b171-8427e4eecde2,KOLIA WIFI ZONE,9b661a8d-224e-4798-b958-15aac870c10c,3 jours,,,2026-06-21T15:33:15.461Z
89f4c163-f16b-4be2-8dea-210c0a5c5f84,4JQZ2HH,10000,ACTIVE,,,7cb71057-768a-4d6c-b171-8427e4eecde2,KOLIA WIFI ZONE,9b661a8d-224e-4798-b958-15aac870c10c,3 jours,,,2026-06-21T15:33:15.719Z
34544255-d572-425f-8a71-f2f88877788c,MVRW7GG,20000,ACTIVE,,,7cb71057-768a-4d6c-b171-8427e4eecde2,KOLIA WIFI ZONE,b3265014-cd7c-4fbc-be7b-d9fff09bebf5,1 semaine,,,2026-06-21T15:33:19.642Z
24cc01d1-56fd-410c-b2b0-15f310f1e4ae,OQAXYBN,20000,ACTIVE,,,7cb71057-768a-4d6c-b171-8427e4eecde2,KOLIA WIFI ZONE,b3265014-cd7c-4fbc-be7b-d9fff09bebf5,1 semaine,,,2026-06-21T15:33:19.840Z
199a3efe-d357-414a-8f1e-84a20398aadf,J2CA349,20000,ACTIVE,,,7cb71057-768a-4d6c-b171-8427e4eecde2,KOLIA WIFI ZONE,b3265014-cd7c-4fbc-be7b-d9fff09bebf5,1 semaine,,,2026-06-21T15:33:20.086Z
c4ff1ace-7c35-45d3-8a3c-a51cdc9d7a65,KK4MZZX,20000,ACTIVE,,,7cb71057-768a-4d6c-b171-8427e4eecde2,KOLIA WIFI ZONE,b3265014-cd7c-4fbc-be7b-d9fff09bebf5,1 semaine,,,2026-06-21T15:33:20.274Z
ce2fa199-06b1-4029-a019-c03811ca403f,G1CNOEQ,20000,ACTIVE,,,7cb71057-768a-4d6c-b171-8427e4eecde2,KOLIA WIFI ZONE,b3265014-cd7c-4fbc-be7b-d9fff09bebf5,1 semaine,,,2026-06-21T15:33:20.466Z
38b3507c-6e3a-4a20-887a-297dce2aa71b,5UITSP7,20000,ACTIVE,,,7cb71057-768a-4d6c-b171-8427e4eecde2,KOLIA WIFI ZONE,b3265014-cd7c-4fbc-be7b-d9fff09bebf5,1 semaine,,,2026-06-21T15:33:20.746Z
85bd08a2-f0e6-4964-8e0c-f5096eb8f4f1,WL9LAVF,20000,ACTIVE,,,7cb71057-768a-4d6c-b171-8427e4eecde2,KOLIA WIFI ZONE,b3265014-cd7c-4fbc-be7b-d9fff09bebf5,1 semaine,,,2026-06-21T15:33:20.934Z
60a7aaf7-f462-4329-a304-6273d5b47aa5,DOWLG0W,20000,ACTIVE,,,7cb71057-768a-4d6c-b171-8427e4eecde2,KOLIA WIFI ZONE,b3265014-cd7c-4fbc-be7b-d9fff09bebf5,1 semaine,,,2026-06-21T15:33:21.126Z
d7aa2009-2606-4989-99e8-34caab3871c1,VLNRJGT,20000,ACTIVE,,,7cb71057-768a-4d6c-b171-8427e4eecde2,KOLIA WIFI ZONE,b3265014-cd7c-4fbc-be7b-d9fff09bebf5,1 semaine,,,2026-06-21T15:33:21.394Z
ba914d10-9451-4b9a-b712-f4d5ec043661,GMZLCSK,20000,ACTIVE,,,7cb71057-768a-4d6c-b171-8427e4eecde2,KOLIA WIFI ZONE,b3265014-cd7c-4fbc-be7b-d9fff09bebf5,1 semaine,,,2026-06-21T15:33:21.597Z
4758b3b6-e99e-4dac-ac41-fed060242849,DBZKP3P,20000,ACTIVE,,,7cb71057-768a-4d6c-b171-8427e4eecde2,KOLIA WIFI ZONE,b3265014-cd7c-4fbc-be7b-d9fff09bebf5,1 semaine,,,2026-06-21T15:33:21.794Z
9803a9d5-a1f0-4672-8706-85a4f79a79b5,SI3ZA1Z,20000,ACTIVE,,,7cb71057-768a-4d6c-b171-8427e4eecde2,KOLIA WIFI ZONE,b3265014-cd7c-4fbc-be7b-d9fff09bebf5,1 semaine,,,2026-06-21T15:33:22.038Z
82f92d63-30ba-4414-8900-3ca4c99583d2,H739F1A,20000,ACTIVE,,,7cb71057-768a-4d6c-b171-8427e4eecde2,KOLIA WIFI ZONE,b3265014-cd7c-4fbc-be7b-d9fff09bebf5,1 semaine,,,2026-06-21T15:33:22.234Z
bd09c85c-209e-4511-a484-1df8467c6f92,XVJFM38,20000,ACTIVE,,,7cb71057-768a-4d6c-b171-8427e4eecde2,KOLIA WIFI ZONE,b3265014-cd7c-4fbc-be7b-d9fff09bebf5,1 semaine,,,2026-06-21T15:33:22.430Z
3e354c76-86fd-403d-b114-19ea66f1486b,VYXOUZ4,20000,ACTIVE,,,7cb71057-768a-4d6c-b171-8427e4eecde2,KOLIA WIFI ZONE,b3265014-cd7c-4fbc-be7b-d9fff09bebf5,1 semaine,,,2026-06-21T15:33:22.670Z
bc859de7-1936-49ea-ab4b-bb2337932e69,BTU6427,70000,ACTIVE,,,7cb71057-768a-4d6c-b171-8427e4eecde2,KOLIA WIFI ZONE,7e2f5bc2-51fb-4d4f-bc10-42262f69aa68,1 mois,,,2026-06-21T15:33:26.607Z
54d020a5-49cb-4f39-a276-775067f28119,SLPXVKG,70000,ACTIVE,,,7cb71057-768a-4d6c-b171-8427e4eecde2,KOLIA WIFI ZONE,7e2f5bc2-51fb-4d4f-bc10-42262f69aa68,1 mois,,,2026-06-21T15:33:26.794Z
96654973-24b7-47e3-9b21-1118fd8b29d5,TY70DTR,70000,ACTIVE,,,7cb71057-768a-4d6c-b171-8427e4eecde2,KOLIA WIFI ZONE,7e2f5bc2-51fb-4d4f-bc10-42262f69aa68,1 mois,,,2026-06-21T15:33:27.328Z
06e41789-613c-4bc3-8766-ebae8993e0cc,NWB3D9R,70000,ACTIVE,,,7cb71057-768a-4d6c-b171-8427e4eecde2,KOLIA WIFI ZONE,7e2f5bc2-51fb-4d4f-bc10-42262f69aa68,1 mois,,,2026-06-21T15:33:27.563Z
65e8570a-21b4-4b06-87ba-4c855eed2a54,0WV4WK2,70000,ACTIVE,,,7cb71057-768a-4d6c-b171-8427e4eecde2,KOLIA WIFI ZONE,7e2f5bc2-51fb-4d4f-bc10-42262f69aa68,1 mois,,,2026-06-21T15:33:27.758Z
3b765cf8-1c88-4238-a193-6908b3b5f828,Y9APGNU,70000,ACTIVE,,,7cb71057-768a-4d6c-b171-8427e4eecde2,KOLIA WIFI ZONE,7e2f5bc2-51fb-4d4f-bc10-42262f69aa68,1 mois,,,2026-06-21T15:33:28.003Z
d6c07c5f-16a5-4053-b6fe-fc415b20025f,JAO899R,70000,ACTIVE,,,7cb71057-768a-4d6c-b171-8427e4eecde2,KOLIA WIFI ZONE,7e2f5bc2-51fb-4d4f-bc10-42262f69aa68,1 mois,,,2026-06-21T15:33:28.189Z
42ac4cab-8fb2-44ca-b5f5-9de4117e934c,TQ3PNV7,70000,ACTIVE,,,7cb71057-768a-4d6c-b171-8427e4eecde2,KOLIA WIFI ZONE,7e2f5bc2-51fb-4d4f-bc10-42262f69aa68,1 mois,,,2026-06-21T15:33:28.371Z
4e3e07e3-26f8-485d-ad73-8de79ee25fc7,M4FD4HI,70000,ACTIVE,,,7cb71057-768a-4d6c-b171-8427e4eecde2,KOLIA WIFI ZONE,7e2f5bc2-51fb-4d4f-bc10-42262f69aa68,1 mois,,,2026-06-21T15:33:28.599Z
c0a769ed-97ac-4899-b596-6d8ffd9f51ff,D7G9UQ7,70000,ACTIVE,,,7cb71057-768a-4d6c-b171-8427e4eecde2,KOLIA WIFI ZONE,7e2f5bc2-51fb-4d4f-bc10-42262f69aa68,1 mois,,,2026-06-21T15:33:28.780Z
fdfeed7a-bdec-4cf8-8976-23a8872eb495,ALIZT1J,70000,ACTIVE,,,7cb71057-768a-4d6c-b171-8427e4eecde2,KOLIA WIFI ZONE,7e2f5bc2-51fb-4d4f-bc10-42262f69aa68,1 mois,,,2026-06-21T15:33:28.964Z
f0f633cf-f858-4d19-b302-7e140b85781a,O187TJ5,70000,ACTIVE,,,7cb71057-768a-4d6c-b171-8427e4eecde2,KOLIA WIFI ZONE,7e2f5bc2-51fb-4d4f-bc10-42262f69aa68,1 mois,,,2026-06-21T15:33:29.204Z
91e7d472-0cb1-4689-8fd4-b5da80c6692e,TDWIOT7,70000,ACTIVE,,,7cb71057-768a-4d6c-b171-8427e4eecde2,KOLIA WIFI ZONE,7e2f5bc2-51fb-4d4f-bc10-42262f69aa68,1 mois,,,2026-06-21T15:33:29.395Z
3ef1750d-5b07-4524-ab95-2c4e548fd8a8,8RKUWNK,70000,ACTIVE,,,7cb71057-768a-4d6c-b171-8427e4eecde2,KOLIA WIFI ZONE,7e2f5bc2-51fb-4d4f-bc10-42262f69aa68,1 mois,,,2026-06-21T15:33:29.575Z
180a5ae2-a2a0-4c98-b503-09ca3ef69467,TSEHVST,70000,ACTIVE,,,7cb71057-768a-4d6c-b171-8427e4eecde2,KOLIA WIFI ZONE,7e2f5bc2-51fb-4d4f-bc10-42262f69aa68,1 mois,,,2026-06-21T15:33:29.791Z
cff72c85-76b7-4d51-b847-a99cebd0b934,9WUQRH8,3000,ACTIVE,,,7cb71057-768a-4d6c-b171-8427e4eecde2,KOLIA WIFI ZONE,6ca042d2-f44a-4384-9ef6-effbb75269fb,5 heures,,,2026-06-21T15:39:13.630Z
6e0bcad8-6871-44e9-83e7-4146cc8af2ae,UGU4K5X,3000,ACTIVE,,,7cb71057-768a-4d6c-b171-8427e4eecde2,KOLIA WIFI ZONE,6ca042d2-f44a-4384-9ef6-effbb75269fb,5 heures,,,2026-06-21T15:39:13.815Z
11082e17-8439-4d20-93aa-4c4f029201f4,N08EA99,3000,ACTIVE,,,7cb71057-768a-4d6c-b171-8427e4eecde2,KOLIA WIFI ZONE,6ca042d2-f44a-4384-9ef6-effbb75269fb,5 heures,,,2026-06-21T15:39:14.054Z
175b315b-5f06-4c13-8351-e75d166113b8,U5L2SCE,3000,ACTIVE,,,7cb71057-768a-4d6c-b171-8427e4eecde2,KOLIA WIFI ZONE,6ca042d2-f44a-4384-9ef6-effbb75269fb,5 heures,,,2026-06-21T15:39:14.249Z
e7af55aa-91be-4790-8bdb-10f9a06e3073,GOUQEXM,3000,ACTIVE,,,7cb71057-768a-4d6c-b171-8427e4eecde2,KOLIA WIFI ZONE,6ca042d2-f44a-4384-9ef6-effbb75269fb,5 heures,,,2026-06-21T15:39:14.426Z
e56af0af-cbad-4ea1-aa9a-570706bed15b,C650Q0L,3000,ACTIVE,,,7cb71057-768a-4d6c-b171-8427e4eecde2,KOLIA WIFI ZONE,6ca042d2-f44a-4384-9ef6-effbb75269fb,5 heures,,,2026-06-21T15:39:14.659Z
550f0afd-775d-43b7-9e24-e8fe0ba24a2d,SZ39EUK,3000,ACTIVE,,,7cb71057-768a-4d6c-b171-8427e4eecde2,KOLIA WIFI ZONE,6ca042d2-f44a-4384-9ef6-effbb75269fb,5 heures,,,2026-06-21T15:39:15.137Z
30a56618-7400-48b9-baf7-80697febc38b,BLPMGRX,3000,ACTIVE,,,7cb71057-768a-4d6c-b171-8427e4eecde2,KOLIA WIFI ZONE,6ca042d2-f44a-4384-9ef6-effbb75269fb,5 heures,,,2026-06-21T15:39:15.320Z
4c01b9af-a5b5-4cf1-b1ff-690f1ad591a1,GKH0APH,3000,ACTIVE,,,7cb71057-768a-4d6c-b171-8427e4eecde2,KOLIA WIFI ZONE,6ca042d2-f44a-4384-9ef6-effbb75269fb,5 heures,,,2026-06-21T15:39:15.497Z
ee12eb3f-901f-46e8-a333-81235c510a51,IV0MCF4,3000,ACTIVE,,,7cb71057-768a-4d6c-b171-8427e4eecde2,KOLIA WIFI ZONE,6ca042d2-f44a-4384-9ef6-effbb75269fb,5 heures,,,2026-06-21T15:39:15.667Z
7da20baf-b56d-4c5a-929d-cb0454446ced,VDTXZM2,3000,ACTIVE,,,7cb71057-768a-4d6c-b171-8427e4eecde2,KOLIA WIFI ZONE,6ca042d2-f44a-4384-9ef6-effbb75269fb,5 heures,,,2026-06-21T15:39:15.905Z
6dba7f41-5b07-4a7a-93ef-412aa91d6641,PEQGL9V,3000,ACTIVE,,,7cb71057-768a-4d6c-b171-8427e4eecde2,KOLIA WIFI ZONE,6ca042d2-f44a-4384-9ef6-effbb75269fb,5 heures,,,2026-06-21T15:39:16.081Z
c3f238ab-6ba2-4410-811f-9b8c83610f38,YNIVEIF,3000,ACTIVE,,,7cb71057-768a-4d6c-b171-8427e4eecde2,KOLIA WIFI ZONE,6ca042d2-f44a-4384-9ef6-effbb75269fb,5 heures,,,2026-06-21T15:39:16.270Z
0c0029aa-b60e-4a17-89de-0cc27ba41e93,TDFYWJO,3000,ACTIVE,,,7cb71057-768a-4d6c-b171-8427e4eecde2,KOLIA WIFI ZONE,6ca042d2-f44a-4384-9ef6-effbb75269fb,5 heures,,,2026-06-21T15:39:16.487Z
a9d50233-4b36-4c97-ae2d-8bb6714a526e,FPY38RP,3000,ACTIVE,,,7cb71057-768a-4d6c-b171-8427e4eecde2,KOLIA WIFI ZONE,6ca042d2-f44a-4384-9ef6-effbb75269fb,5 heures,,,2026-06-21T15:39:16.657Z
2a3eb978-7818-4b7a-98d2-3925d0e6921a,KI9XSF1,3000,ACTIVE,,,7cb71057-768a-4d6c-b171-8427e4eecde2,KOLIA WIFI ZONE,6ca042d2-f44a-4384-9ef6-effbb75269fb,5 heures,,,2026-06-21T15:39:16.837Z
1c0c193b-a452-47ab-9aa0-25d82dc28277,539FDJC,3000,ACTIVE,,,7cb71057-768a-4d6c-b171-8427e4eecde2,KOLIA WIFI ZONE,6ca042d2-f44a-4384-9ef6-effbb75269fb,5 heures,,,2026-06-21T15:39:17.074Z
f8ec32a6-3646-46d7-817f-824364fb5baf,5ZI36DJ,3000,ACTIVE,,,7cb71057-768a-4d6c-b171-8427e4eecde2,KOLIA WIFI ZONE,6ca042d2-f44a-4384-9ef6-effbb75269fb,5 heures,,,2026-06-21T15:39:17.253Z
e33c64c4-e7ee-41c3-abd9-3abfb7106961,7C39CPC,3000,ACTIVE,,,7cb71057-768a-4d6c-b171-8427e4eecde2,KOLIA WIFI ZONE,6ca042d2-f44a-4384-9ef6-effbb75269fb,5 heures,,,2026-06-21T15:39:17.442Z
6327d6ae-1fc6-4cab-83d3-3f53227655c6,IM0Y0ZZ,3000,ACTIVE,,,7cb71057-768a-4d6c-b171-8427e4eecde2,KOLIA WIFI ZONE,6ca042d2-f44a-4384-9ef6-effbb75269fb,5 heures,,,2026-06-21T15:39:17.682Z
ea5ee2e4-7606-4853-a818-e5c833e021b0,H3REEOV,3000,ACTIVE,,,7cb71057-768a-4d6c-b171-8427e4eecde2,KOLIA WIFI ZONE,6ca042d2-f44a-4384-9ef6-effbb75269fb,5 heures,,,2026-06-21T15:39:17.885Z
dbd7ddc2-f2bf-4089-8fd5-d93368090f4d,VOQ44IR,3000,ACTIVE,,,7cb71057-768a-4d6c-b171-8427e4eecde2,KOLIA WIFI ZONE,6ca042d2-f44a-4384-9ef6-effbb75269fb,5 heures,,,2026-06-21T15:39:18.377Z
36736731-9e86-489a-800f-6de1939959ae,S0ROJKO,3000,ACTIVE,,,7cb71057-768a-4d6c-b171-8427e4eecde2,KOLIA WIFI ZONE,6ca042d2-f44a-4384-9ef6-effbb75269fb,5 heures,,,2026-06-21T15:39:18.598Z
3aa92f48-e108-43a5-acb2-0bd9d1db1e6f,2OXUVY9,3000,ACTIVE,,,7cb71057-768a-4d6c-b171-8427e4eecde2,KOLIA WIFI ZONE,6ca042d2-f44a-4384-9ef6-effbb75269fb,5 heures,,,2026-06-21T15:39:18.768Z
5ca5dd70-f9b0-45d0-9c9d-82d6c1c7accf,V8ULWZK,3000,ACTIVE,,,7cb71057-768a-4d6c-b171-8427e4eecde2,KOLIA WIFI ZONE,6ca042d2-f44a-4384-9ef6-effbb75269fb,5 heures,,,2026-06-21T15:39:18.968Z
2d698d7a-6961-4d3a-ba72-5f0120673ccf,YLD4SEV,3000,ACTIVE,,,7cb71057-768a-4d6c-b171-8427e4eecde2,KOLIA WIFI ZONE,6ca042d2-f44a-4384-9ef6-effbb75269fb,5 heures,,,2026-06-21T15:39:19.193Z
42add70b-871b-455e-9afd-a3d7062c22b1,PKZUYHB,3000,ACTIVE,,,7cb71057-768a-4d6c-b171-8427e4eecde2,KOLIA WIFI ZONE,6ca042d2-f44a-4384-9ef6-effbb75269fb,5 heures,,,2026-06-21T15:39:19.406Z
0928fd0c-fcfa-477c-92f7-75049e8edd19,I9Z9Y1U,3000,ACTIVE,,,7cb71057-768a-4d6c-b171-8427e4eecde2,KOLIA WIFI ZONE,6ca042d2-f44a-4384-9ef6-effbb75269fb,5 heures,,,2026-06-21T15:39:19.589Z
27363e52-e5e5-4066-a5e9-3a8faefbd6d7,4A7RAUB,3000,ACTIVE,,,7cb71057-768a-4d6c-b171-8427e4eecde2,KOLIA WIFI ZONE,6ca042d2-f44a-4384-9ef6-effbb75269fb,5 heures,,,2026-06-21T15:39:19.809Z
bcadf4af-9f29-4059-bd8c-8f74dace313b,NKOORKU,3000,ACTIVE,,,7cb71057-768a-4d6c-b171-8427e4eecde2,KOLIA WIFI ZONE,6ca042d2-f44a-4384-9ef6-effbb75269fb,5 heures,,,2026-06-21T15:39:19.989Z
698561f2-6d41-4da5-a57e-6b38d2329dcc,YCQ373F,3000,ACTIVE,,,7cb71057-768a-4d6c-b171-8427e4eecde2,KOLIA WIFI ZONE,6ca042d2-f44a-4384-9ef6-effbb75269fb,5 heures,,,2026-06-21T15:39:20.166Z
3dc0940c-c405-4478-aa18-17bf5db82859,T8ME7KQ,3000,ACTIVE,,,7cb71057-768a-4d6c-b171-8427e4eecde2,KOLIA WIFI ZONE,6ca042d2-f44a-4384-9ef6-effbb75269fb,5 heures,,,2026-06-21T15:39:20.393Z
fc30188f-d3ca-443a-b1d2-7295c81d1abb,VQGNRJX,3000,ACTIVE,,,7cb71057-768a-4d6c-b171-8427e4eecde2,KOLIA WIFI ZONE,6ca042d2-f44a-4384-9ef6-effbb75269fb,5 heures,,,2026-06-21T15:39:20.585Z
1d6091c6-911b-4a84-8fb5-f31c44ec249b,XCBTA92,3000,ACTIVE,,,7cb71057-768a-4d6c-b171-8427e4eecde2,KOLIA WIFI ZONE,6ca042d2-f44a-4384-9ef6-effbb75269fb,5 heures,,,2026-06-21T15:39:20.773Z
821da73a-ad27-4248-831b-a672b3521089,56X7OSC,3000,ACTIVE,,,7cb71057-768a-4d6c-b171-8427e4eecde2,KOLIA WIFI ZONE,6ca042d2-f44a-4384-9ef6-effbb75269fb,5 heures,,,2026-06-21T15:39:21.009Z
d3ebb1e4-fd4d-4a9d-a188-8c18c58c6af5,QXNX7PA,3000,ACTIVE,,,7cb71057-768a-4d6c-b171-8427e4eecde2,KOLIA WIFI ZONE,6ca042d2-f44a-4384-9ef6-effbb75269fb,5 heures,,,2026-06-21T15:39:21.185Z
91317cdf-0171-4f86-bab3-3921a61be697,ICYRZ8L,3000,ACTIVE,,,7cb71057-768a-4d6c-b171-8427e4eecde2,KOLIA WIFI ZONE,6ca042d2-f44a-4384-9ef6-effbb75269fb,5 heures,,,2026-06-21T15:39:21.359Z
88057779-a1f1-4ddf-a0ee-d9a044959b48,7T1Y2VM,3000,ACTIVE,,,7cb71057-768a-4d6c-b171-8427e4eecde2,KOLIA WIFI ZONE,6ca042d2-f44a-4384-9ef6-effbb75269fb,5 heures,,,2026-06-21T15:39:21.602Z
d975eff0-bb6a-4079-ac45-c2bf6d8845d1,E7OHDFM,3000,ACTIVE,,,7cb71057-768a-4d6c-b171-8427e4eecde2,KOLIA WIFI ZONE,6ca042d2-f44a-4384-9ef6-effbb75269fb,5 heures,,,2026-06-21T15:39:21.780Z
e0606cb7-e014-4c19-91d2-39d5b73f6764,J374RBP,3000,ACTIVE,,,7cb71057-768a-4d6c-b171-8427e4eecde2,KOLIA WIFI ZONE,6ca042d2-f44a-4384-9ef6-effbb75269fb,5 heures,,,2026-06-21T15:39:21.958Z
d286af4c-578c-4fd5-bfe1-70327f7b2d7a,0B0WC3D,3000,ACTIVE,,,7cb71057-768a-4d6c-b171-8427e4eecde2,KOLIA WIFI ZONE,6ca042d2-f44a-4384-9ef6-effbb75269fb,5 heures,,,2026-06-21T15:39:22.181Z
f975ce66-7e3d-423e-a08e-e305ed3a0aff,K8HD1BZ,3000,ACTIVE,,,7cb71057-768a-4d6c-b171-8427e4eecde2,KOLIA WIFI ZONE,6ca042d2-f44a-4384-9ef6-effbb75269fb,5 heures,,,2026-06-21T15:39:22.361Z
c4aa1e0f-0ddd-4b71-86d1-61805f29b349,SVQCN9K,3000,ACTIVE,,,7cb71057-768a-4d6c-b171-8427e4eecde2,KOLIA WIFI ZONE,6ca042d2-f44a-4384-9ef6-effbb75269fb,5 heures,,,2026-06-21T15:39:22.543Z
7d3c8ec9-73e9-4f69-ae46-69a4dada844d,AVDA0ZF,3000,ACTIVE,,,7cb71057-768a-4d6c-b171-8427e4eecde2,KOLIA WIFI ZONE,6ca042d2-f44a-4384-9ef6-effbb75269fb,5 heures,,,2026-06-21T15:39:22.773Z
a052b2ad-499d-4b97-8ec6-b0585095c74e,7I1EOG3,3000,ACTIVE,,,7cb71057-768a-4d6c-b171-8427e4eecde2,KOLIA WIFI ZONE,6ca042d2-f44a-4384-9ef6-effbb75269fb,5 heures,,,2026-06-21T15:39:22.945Z
f2c9207d-b021-4cac-8d7e-f1b62b2af1ab,W7MCONO,3000,ACTIVE,,,7cb71057-768a-4d6c-b171-8427e4eecde2,KOLIA WIFI ZONE,6ca042d2-f44a-4384-9ef6-effbb75269fb,5 heures,,,2026-06-21T15:39:23.129Z
3aa2e41b-8606-49ec-9c48-1db88167039d,IYA6PUC,3000,ACTIVE,,,7cb71057-768a-4d6c-b171-8427e4eecde2,KOLIA WIFI ZONE,6ca042d2-f44a-4384-9ef6-effbb75269fb,5 heures,,,2026-06-21T15:39:23.351Z
3e8bc652-baa0-44e8-9ba7-e75eb4261b6d,YQOG6KD,3000,ACTIVE,,,7cb71057-768a-4d6c-b171-8427e4eecde2,KOLIA WIFI ZONE,6ca042d2-f44a-4384-9ef6-effbb75269fb,5 heures,,,2026-06-21T15:39:23.546Z
8a3ba3c5-a704-4e46-baa1-b1b2eee0f7ab,UEHN0ER,3000,ACTIVE,,,7cb71057-768a-4d6c-b171-8427e4eecde2,KOLIA WIFI ZONE,6ca042d2-f44a-4384-9ef6-effbb75269fb,5 heures,,,2026-06-21T15:39:23.731Z
14af6e33-64fc-4135-85a1-f44c70d86ab5,KKFJSUS,3000,ACTIVE,,,7cb71057-768a-4d6c-b171-8427e4eecde2,KOLIA WIFI ZONE,6ca042d2-f44a-4384-9ef6-effbb75269fb,5 heures,,,2026-06-21T15:39:23.950Z
8ef249cd-a172-43d8-8b3a-33876c7ad1a0,CT420J8,3000,ACTIVE,,,7cb71057-768a-4d6c-b171-8427e4eecde2,KOLIA WIFI ZONE,6ca042d2-f44a-4384-9ef6-effbb75269fb,5 heures,,,2026-06-21T15:39:24.126Z
a319c183-55f5-4c92-898a-364817bce90b,F64I7GW,3000,ACTIVE,,,7cb71057-768a-4d6c-b171-8427e4eecde2,KOLIA WIFI ZONE,6ca042d2-f44a-4384-9ef6-effbb75269fb,5 heures,,,2026-06-21T15:39:24.310Z
6d7a9312-510c-4921-89b0-e0ab6f008d12,RB73UCY,5000,ACTIVE,,,7cb71057-768a-4d6c-b171-8427e4eecde2,KOLIA WIFI ZONE,e4fa1a5f-42a7-4d1b-bd73-22f9ec6e6d7f,24 heures,,,2026-06-21T15:40:57.689Z
bb858bfa-242b-43f7-8c97-2a3e92ff4d5a,BSIY7WM,5000,ACTIVE,,,7cb71057-768a-4d6c-b171-8427e4eecde2,KOLIA WIFI ZONE,e4fa1a5f-42a7-4d1b-bd73-22f9ec6e6d7f,24 heures,,,2026-06-21T15:40:57.869Z
90889ffd-ad1f-445b-986c-07f935796db6,NUWNH7I,5000,ACTIVE,,,7cb71057-768a-4d6c-b171-8427e4eecde2,KOLIA WIFI ZONE,e4fa1a5f-42a7-4d1b-bd73-22f9ec6e6d7f,24 heures,,,2026-06-21T15:40:58.104Z
0a7293f5-4993-442b-9516-4e79f9c2f8eb,P87IH1A,5000,ACTIVE,,,7cb71057-768a-4d6c-b171-8427e4eecde2,KOLIA WIFI ZONE,e4fa1a5f-42a7-4d1b-bd73-22f9ec6e6d7f,24 heures,,,2026-06-21T15:40:58.300Z
27790818-8aaf-460f-9209-821da11fbe9c,0FSWA0D,5000,ACTIVE,,,7cb71057-768a-4d6c-b171-8427e4eecde2,KOLIA WIFI ZONE,e4fa1a5f-42a7-4d1b-bd73-22f9ec6e6d7f,24 heures,,,2026-06-21T15:40:58.478Z
de2d06bb-f87e-4372-a8d6-33287d165203,ITCTS93,5000,ACTIVE,,,7cb71057-768a-4d6c-b171-8427e4eecde2,KOLIA WIFI ZONE,e4fa1a5f-42a7-4d1b-bd73-22f9ec6e6d7f,24 heures,,,2026-06-21T15:40:58.708Z
5a9a61fd-1d72-4449-b45d-da3d0f23cfe6,QXZNBX9,5000,ACTIVE,,,7cb71057-768a-4d6c-b171-8427e4eecde2,KOLIA WIFI ZONE,e4fa1a5f-42a7-4d1b-bd73-22f9ec6e6d7f,24 heures,,,2026-06-21T15:40:58.884Z
1226539a-8bc0-4638-a22e-553a85d8bb38,ORLBGE3,5000,ACTIVE,,,7cb71057-768a-4d6c-b171-8427e4eecde2,KOLIA WIFI ZONE,e4fa1a5f-42a7-4d1b-bd73-22f9ec6e6d7f,24 heures,,,2026-06-21T15:40:59.069Z
888faa23-1b25-4412-9903-1c3ee006d0ce,CKPU7GN,5000,ACTIVE,,,7cb71057-768a-4d6c-b171-8427e4eecde2,KOLIA WIFI ZONE,e4fa1a5f-42a7-4d1b-bd73-22f9ec6e6d7f,24 heures,,,2026-06-21T15:40:59.288Z
0d19c623-472e-4bb6-9cbc-28de38bf461a,RJXCCWK,5000,ACTIVE,,,7cb71057-768a-4d6c-b171-8427e4eecde2,KOLIA WIFI ZONE,e4fa1a5f-42a7-4d1b-bd73-22f9ec6e6d7f,24 heures,,,2026-06-21T15:40:59.476Z
d24f2df0-a455-42f2-b707-c518de5f36da,ZJHR58F,5000,ACTIVE,,,7cb71057-768a-4d6c-b171-8427e4eecde2,KOLIA WIFI ZONE,e4fa1a5f-42a7-4d1b-bd73-22f9ec6e6d7f,24 heures,,,2026-06-21T15:40:59.647Z
c5b25370-1731-4cc2-8cec-e7ba15749e6b,OL4SIBK,5000,ACTIVE,,,7cb71057-768a-4d6c-b171-8427e4eecde2,KOLIA WIFI ZONE,e4fa1a5f-42a7-4d1b-bd73-22f9ec6e6d7f,24 heures,,,2026-06-21T15:40:59.862Z
0ea5c9bf-8e52-44f2-bedb-db13ce24d58c,UGVEUCR,5000,ACTIVE,,,7cb71057-768a-4d6c-b171-8427e4eecde2,KOLIA WIFI ZONE,e4fa1a5f-42a7-4d1b-bd73-22f9ec6e6d7f,24 heures,,,2026-06-21T15:41:00.040Z
3712f588-e80a-4a1a-8253-b311bc4820fd,34C0QWF,5000,ACTIVE,,,7cb71057-768a-4d6c-b171-8427e4eecde2,KOLIA WIFI ZONE,e4fa1a5f-42a7-4d1b-bd73-22f9ec6e6d7f,24 heures,,,2026-06-21T15:41:00.246Z
d7cf2cca-cb28-4a17-b4eb-1dc53eb901a5,SV8S4KK,5000,ACTIVE,,,7cb71057-768a-4d6c-b171-8427e4eecde2,KOLIA WIFI ZONE,e4fa1a5f-42a7-4d1b-bd73-22f9ec6e6d7f,24 heures,,,2026-06-21T15:41:00.456Z
aa107d33-a816-4178-8766-fb0efd6f880c,DB6BT55,5000,ACTIVE,,,7cb71057-768a-4d6c-b171-8427e4eecde2,KOLIA WIFI ZONE,e4fa1a5f-42a7-4d1b-bd73-22f9ec6e6d7f,24 heures,,,2026-06-21T15:41:00.633Z
51aacc4c-a845-4d11-b784-54f118ad973a,SHWHHX3,5000,ACTIVE,,,7cb71057-768a-4d6c-b171-8427e4eecde2,KOLIA WIFI ZONE,e4fa1a5f-42a7-4d1b-bd73-22f9ec6e6d7f,24 heures,,,2026-06-21T15:41:00.803Z
df5979fd-4561-450d-acfe-e0e9f300138a,Q7FTPP5,5000,ACTIVE,,,7cb71057-768a-4d6c-b171-8427e4eecde2,KOLIA WIFI ZONE,e4fa1a5f-42a7-4d1b-bd73-22f9ec6e6d7f,24 heures,,,2026-06-21T15:41:01.012Z
456f1f8d-a26c-4811-a060-a074a7a4288e,MUA2XZF,5000,ACTIVE,,,7cb71057-768a-4d6c-b171-8427e4eecde2,KOLIA WIFI ZONE,e4fa1a5f-42a7-4d1b-bd73-22f9ec6e6d7f,24 heures,,,2026-06-21T15:41:01.180Z
cf818fc0-d049-463a-b264-89e2477752f3,1TGH9IC,5000,ACTIVE,,,7cb71057-768a-4d6c-b171-8427e4eecde2,KOLIA WIFI ZONE,e4fa1a5f-42a7-4d1b-bd73-22f9ec6e6d7f,24 heures,,,2026-06-21T15:41:01.347Z
f20e9d48-a384-4a0f-b322-b9b2c0d1c0ab,O079HI8,5000,ACTIVE,,,7cb71057-768a-4d6c-b171-8427e4eecde2,KOLIA WIFI ZONE,e4fa1a5f-42a7-4d1b-bd73-22f9ec6e6d7f,24 heures,,,2026-06-21T15:41:01.582Z
acffcd62-8374-410d-8712-9164f3100a94,C5ET42Q,5000,ACTIVE,,,7cb71057-768a-4d6c-b171-8427e4eecde2,KOLIA WIFI ZONE,e4fa1a5f-42a7-4d1b-bd73-22f9ec6e6d7f,24 heures,,,2026-06-21T15:41:01.767Z
d2c77b8a-2d08-4eef-89e7-06ab474b9b58,DE9BBV0,5000,ACTIVE,,,7cb71057-768a-4d6c-b171-8427e4eecde2,KOLIA WIFI ZONE,e4fa1a5f-42a7-4d1b-bd73-22f9ec6e6d7f,24 heures,,,2026-06-21T15:41:01.952Z
1769d19a-2cd7-486a-812f-2a1154ea9444,QZABUIQ,5000,ACTIVE,,,7cb71057-768a-4d6c-b171-8427e4eecde2,KOLIA WIFI ZONE,e4fa1a5f-42a7-4d1b-bd73-22f9ec6e6d7f,24 heures,,,2026-06-21T15:41:02.172Z
96071251-f2df-404c-a546-fda530757147,DP4LFO9,5000,ACTIVE,,,7cb71057-768a-4d6c-b171-8427e4eecde2,KOLIA WIFI ZONE,e4fa1a5f-42a7-4d1b-bd73-22f9ec6e6d7f,24 heures,,,2026-06-21T15:41:02.342Z
0cc68fd2-a118-49b5-944a-f7e006a3b0f4,JA8UMIU,5000,ACTIVE,,,7cb71057-768a-4d6c-b171-8427e4eecde2,KOLIA WIFI ZONE,e4fa1a5f-42a7-4d1b-bd73-22f9ec6e6d7f,24 heures,,,2026-06-21T15:41:02.507Z
db0b2215-3265-478a-a926-42d7cabfb4d1,K3WI8DC,5000,ACTIVE,,,7cb71057-768a-4d6c-b171-8427e4eecde2,KOLIA WIFI ZONE,e4fa1a5f-42a7-4d1b-bd73-22f9ec6e6d7f,24 heures,,,2026-06-21T15:41:02.752Z
d02cb85f-cb67-4e4d-8238-19e04f48ab73,3RLUZV9,5000,ACTIVE,,,7cb71057-768a-4d6c-b171-8427e4eecde2,KOLIA WIFI ZONE,e4fa1a5f-42a7-4d1b-bd73-22f9ec6e6d7f,24 heures,,,2026-06-21T15:41:02.917Z
39d9aa3a-dbb7-41b9-a9e2-65a18de5fd12,E3HI8FW,5000,ACTIVE,,,7cb71057-768a-4d6c-b171-8427e4eecde2,KOLIA WIFI ZONE,e4fa1a5f-42a7-4d1b-bd73-22f9ec6e6d7f,24 heures,,,2026-06-21T15:41:03.092Z
b7b31264-b434-458d-9ac2-9fa874652b94,8BVMPCX,5000,ACTIVE,,,7cb71057-768a-4d6c-b171-8427e4eecde2,KOLIA WIFI ZONE,e4fa1a5f-42a7-4d1b-bd73-22f9ec6e6d7f,24 heures,,,2026-06-21T15:41:03.390Z
59daadb4-5fe8-4b67-88ab-79a3d88013d0,IYDZE06,5000,ACTIVE,,,7cb71057-768a-4d6c-b171-8427e4eecde2,KOLIA WIFI ZONE,e4fa1a5f-42a7-4d1b-bd73-22f9ec6e6d7f,24 heures,,,2026-06-21T15:41:03.576Z
eef58de3-5cb7-4b81-8e84-1a874415c7a8,JCLUREQ,5000,ACTIVE,,,7cb71057-768a-4d6c-b171-8427e4eecde2,KOLIA WIFI ZONE,e4fa1a5f-42a7-4d1b-bd73-22f9ec6e6d7f,24 heures,,,2026-06-21T15:41:03.855Z
a92697bd-3e92-48b0-88d9-d07ce2abc478,2JS8491,5000,ACTIVE,,,7cb71057-768a-4d6c-b171-8427e4eecde2,KOLIA WIFI ZONE,e4fa1a5f-42a7-4d1b-bd73-22f9ec6e6d7f,24 heures,,,2026-06-21T15:41:04.073Z
d6affaa1-ecb1-4d19-926c-333e67271ab2,BW022G9,5000,ACTIVE,,,7cb71057-768a-4d6c-b171-8427e4eecde2,KOLIA WIFI ZONE,e4fa1a5f-42a7-4d1b-bd73-22f9ec6e6d7f,24 heures,,,2026-06-21T15:41:04.241Z
685ae065-3919-4259-b352-aaac3ddcaa69,W7XX17P,5000,ACTIVE,,,7cb71057-768a-4d6c-b171-8427e4eecde2,KOLIA WIFI ZONE,e4fa1a5f-42a7-4d1b-bd73-22f9ec6e6d7f,24 heures,,,2026-06-21T15:41:04.415Z
26612fd0-bdeb-4237-a8cf-6fd43cbae522,B8MGGWJ,5000,ACTIVE,,,7cb71057-768a-4d6c-b171-8427e4eecde2,KOLIA WIFI ZONE,e4fa1a5f-42a7-4d1b-bd73-22f9ec6e6d7f,24 heures,,,2026-06-21T15:41:04.635Z
b108796e-9868-4817-a59c-107d338d22b1,ENU6LSA,5000,ACTIVE,,,7cb71057-768a-4d6c-b171-8427e4eecde2,KOLIA WIFI ZONE,e4fa1a5f-42a7-4d1b-bd73-22f9ec6e6d7f,24 heures,,,2026-06-21T15:41:04.817Z
c8d45b64-67d7-4a6c-8150-107988c85a58,MFI161R,5000,ACTIVE,,,7cb71057-768a-4d6c-b171-8427e4eecde2,KOLIA WIFI ZONE,e4fa1a5f-42a7-4d1b-bd73-22f9ec6e6d7f,24 heures,,,2026-06-21T15:41:04.987Z
8778c77f-88b7-41dd-a0ef-0bb1c5b6f652,1X597AS,5000,ACTIVE,,,7cb71057-768a-4d6c-b171-8427e4eecde2,KOLIA WIFI ZONE,e4fa1a5f-42a7-4d1b-bd73-22f9ec6e6d7f,24 heures,,,2026-06-21T15:41:05.201Z
86f407ef-ba97-4675-ae61-0b67437773bf,3O1Y4GZ,5000,ACTIVE,,,7cb71057-768a-4d6c-b171-8427e4eecde2,KOLIA WIFI ZONE,e4fa1a5f-42a7-4d1b-bd73-22f9ec6e6d7f,24 heures,,,2026-06-21T15:41:05.381Z
2bc58368-7b46-4fbe-ba92-18a03be22d09,31X5XCX,5000,ACTIVE,,,7cb71057-768a-4d6c-b171-8427e4eecde2,KOLIA WIFI ZONE,e4fa1a5f-42a7-4d1b-bd73-22f9ec6e6d7f,24 heures,,,2026-06-21T15:41:05.567Z
9eed1b33-e81e-40ff-8841-30362eb9790f,YXNNXVE,5000,ACTIVE,,,7cb71057-768a-4d6c-b171-8427e4eecde2,KOLIA WIFI ZONE,e4fa1a5f-42a7-4d1b-bd73-22f9ec6e6d7f,24 heures,,,2026-06-21T15:41:05.784Z
6960b8c2-346d-416f-96ba-0ab62aedb828,TAY6JWQ,5000,ACTIVE,,,7cb71057-768a-4d6c-b171-8427e4eecde2,KOLIA WIFI ZONE,e4fa1a5f-42a7-4d1b-bd73-22f9ec6e6d7f,24 heures,,,2026-06-21T15:41:05.970Z
ae88fdd1-a70d-401a-9ab6-754cff62f0db,E7W1G73,5000,ACTIVE,,,7cb71057-768a-4d6c-b171-8427e4eecde2,KOLIA WIFI ZONE,e4fa1a5f-42a7-4d1b-bd73-22f9ec6e6d7f,24 heures,,,2026-06-21T15:41:06.156Z
c1a4a93f-4bb0-44ea-904d-47022bda1f04,IKTB2WO,5000,ACTIVE,,,7cb71057-768a-4d6c-b171-8427e4eecde2,KOLIA WIFI ZONE,e4fa1a5f-42a7-4d1b-bd73-22f9ec6e6d7f,24 heures,,,2026-06-21T15:41:06.388Z
55b35618-c5e9-4002-b239-fbff843974a6,GXHFJVE,5000,ACTIVE,,,7cb71057-768a-4d6c-b171-8427e4eecde2,KOLIA WIFI ZONE,e4fa1a5f-42a7-4d1b-bd73-22f9ec6e6d7f,24 heures,,,2026-06-21T15:41:06.582Z
1218633e-29b0-4341-a7a2-c08374882f7f,2S8CUSO,5000,ACTIVE,,,7cb71057-768a-4d6c-b171-8427e4eecde2,KOLIA WIFI ZONE,e4fa1a5f-42a7-4d1b-bd73-22f9ec6e6d7f,24 heures,,,2026-06-21T15:41:06.756Z
060ac76d-b092-42b4-b24f-a662a22cda59,W7DEFED,5000,ACTIVE,,,7cb71057-768a-4d6c-b171-8427e4eecde2,KOLIA WIFI ZONE,e4fa1a5f-42a7-4d1b-bd73-22f9ec6e6d7f,24 heures,,,2026-06-21T15:41:07.012Z
395283be-f727-4c0c-b264-dd2e308fbc93,2ZT1LLK,5000,ACTIVE,,,7cb71057-768a-4d6c-b171-8427e4eecde2,KOLIA WIFI ZONE,e4fa1a5f-42a7-4d1b-bd73-22f9ec6e6d7f,24 heures,,,2026-06-21T15:41:07.184Z
93915c28-4610-4b33-8138-a6fefc953e37,TTSEB4Q,5000,ACTIVE,,,7cb71057-768a-4d6c-b171-8427e4eecde2,KOLIA WIFI ZONE,e4fa1a5f-42a7-4d1b-bd73-22f9ec6e6d7f,24 heures,,,2026-06-21T15:41:07.381Z
11c4138c-dd39-4b59-8196-89397869c84d,OU19BY2,5000,ACTIVE,,,7cb71057-768a-4d6c-b171-8427e4eecde2,KOLIA WIFI ZONE,e4fa1a5f-42a7-4d1b-bd73-22f9ec6e6d7f,24 heures,,,2026-06-21T15:41:07.608Z
91361830-08b6-402d-9751-3e509ab458a7,9385HC3,5000,ACTIVE,,,7cb71057-768a-4d6c-b171-8427e4eecde2,KOLIA WIFI ZONE,e4fa1a5f-42a7-4d1b-bd73-22f9ec6e6d7f,24 heures,,,2026-06-21T15:41:07.796Z
49246155-2c0c-40a6-bebd-7a94d2760851,Y3GSAFH,10000,ACTIVE,,,7cb71057-768a-4d6c-b171-8427e4eecde2,KOLIA WIFI ZONE,9b661a8d-224e-4798-b958-15aac870c10c,3 jours,,,2026-06-21T15:41:47.223Z
83cc2c8f-e12b-4b60-8854-1b246ac2ce60,R1AHZD0,10000,ACTIVE,,,7cb71057-768a-4d6c-b171-8427e4eecde2,KOLIA WIFI ZONE,9b661a8d-224e-4798-b958-15aac870c10c,3 jours,,,2026-06-21T15:41:47.423Z
bc062c00-b68c-4158-9c39-0819acbff37f,ZM9PSNA,10000,ACTIVE,,,7cb71057-768a-4d6c-b171-8427e4eecde2,KOLIA WIFI ZONE,9b661a8d-224e-4798-b958-15aac870c10c,3 jours,,,2026-06-21T15:41:47.657Z
0d66e9f1-6a3c-4201-82fd-3c0bb9c3a701,3CWZHL3,10000,ACTIVE,,,7cb71057-768a-4d6c-b171-8427e4eecde2,KOLIA WIFI ZONE,9b661a8d-224e-4798-b958-15aac870c10c,3 jours,,,2026-06-21T15:41:47.865Z
7d2cb410-69e1-441f-ab56-28d6db37d251,ZEI9Z6V,10000,ACTIVE,,,7cb71057-768a-4d6c-b171-8427e4eecde2,KOLIA WIFI ZONE,9b661a8d-224e-4798-b958-15aac870c10c,3 jours,,,2026-06-21T15:41:49.695Z
df7b4189-ccd1-400d-b052-de3ec7e09047,QHNNKYJ,10000,ACTIVE,,,7cb71057-768a-4d6c-b171-8427e4eecde2,KOLIA WIFI ZONE,9b661a8d-224e-4798-b958-15aac870c10c,3 jours,,,2026-06-21T15:41:49.943Z
6e03c71e-8bfc-4f2b-8bf2-0f8304673245,5N6ONS9,10000,ACTIVE,,,7cb71057-768a-4d6c-b171-8427e4eecde2,KOLIA WIFI ZONE,9b661a8d-224e-4798-b958-15aac870c10c,3 jours,,,2026-06-21T15:41:50.130Z
cde34f41-0089-459d-93e7-71ac196c2238,O2P8UHR,10000,ACTIVE,,,7cb71057-768a-4d6c-b171-8427e4eecde2,KOLIA WIFI ZONE,9b661a8d-224e-4798-b958-15aac870c10c,3 jours,,,2026-06-21T15:41:50.326Z
bab8bd73-9021-449a-a85c-6dfdefed3ff2,Q6OZFVX,10000,ACTIVE,,,7cb71057-768a-4d6c-b171-8427e4eecde2,KOLIA WIFI ZONE,9b661a8d-224e-4798-b958-15aac870c10c,3 jours,,,2026-06-21T15:41:50.561Z
8a3d1e06-76d4-4b93-a31f-13287da6413c,BQRRO3R,10000,ACTIVE,,,7cb71057-768a-4d6c-b171-8427e4eecde2,KOLIA WIFI ZONE,9b661a8d-224e-4798-b958-15aac870c10c,3 jours,,,2026-06-21T15:41:50.747Z
8a9dfd1d-4e68-4bbe-a3cc-6ad3cd7562a2,Q5APL2U,10000,ACTIVE,,,7cb71057-768a-4d6c-b171-8427e4eecde2,KOLIA WIFI ZONE,9b661a8d-224e-4798-b958-15aac870c10c,3 jours,,,2026-06-21T15:41:50.927Z
3538cc4a-46ee-4ce9-9ca4-d0cc867eb3e2,3XFVK9N,10000,ACTIVE,,,7cb71057-768a-4d6c-b171-8427e4eecde2,KOLIA WIFI ZONE,9b661a8d-224e-4798-b958-15aac870c10c,3 jours,,,2026-06-21T15:41:51.166Z
8891acf8-648e-4b84-b3c7-fb8584a8336f,9HJX06S,10000,ACTIVE,,,7cb71057-768a-4d6c-b171-8427e4eecde2,KOLIA WIFI ZONE,9b661a8d-224e-4798-b958-15aac870c10c,3 jours,,,2026-06-21T15:41:51.338Z
2b55bbab-8122-4af6-ae0d-65414ce19af8,KCOJUEA,10000,ACTIVE,,,7cb71057-768a-4d6c-b171-8427e4eecde2,KOLIA WIFI ZONE,9b661a8d-224e-4798-b958-15aac870c10c,3 jours,,,2026-06-21T15:41:51.530Z
7bc778c9-671a-4991-ba8e-47ae0615c56e,TTPVVC3,10000,ACTIVE,,,7cb71057-768a-4d6c-b171-8427e4eecde2,KOLIA WIFI ZONE,9b661a8d-224e-4798-b958-15aac870c10c,3 jours,,,2026-06-21T15:41:51.775Z
e73f1872-e67d-47f5-b7f5-4370b4288513,7VOUYCC,10000,ACTIVE,,,7cb71057-768a-4d6c-b171-8427e4eecde2,KOLIA WIFI ZONE,9b661a8d-224e-4798-b958-15aac870c10c,3 jours,,,2026-06-21T15:41:52.980Z
867b06df-b953-4031-bb7c-dc1cb2f4e1f2,0SY7L3V,10000,ACTIVE,,,7cb71057-768a-4d6c-b171-8427e4eecde2,KOLIA WIFI ZONE,9b661a8d-224e-4798-b958-15aac870c10c,3 jours,,,2026-06-21T15:41:53.174Z
9ffaccad-d0f1-4a33-bd83-b79fe7ff6812,GP90S2P,10000,ACTIVE,,,7cb71057-768a-4d6c-b171-8427e4eecde2,KOLIA WIFI ZONE,9b661a8d-224e-4798-b958-15aac870c10c,3 jours,,,2026-06-21T15:41:53.408Z
6c35e211-fa71-4597-a70c-b769d752cc92,9AST04F,10000,ACTIVE,,,7cb71057-768a-4d6c-b171-8427e4eecde2,KOLIA WIFI ZONE,9b661a8d-224e-4798-b958-15aac870c10c,3 jours,,,2026-06-21T15:41:53.599Z
9027d80b-451f-4f93-8d27-d5e216dc83c3,TPKKN4E,10000,ACTIVE,,,7cb71057-768a-4d6c-b171-8427e4eecde2,KOLIA WIFI ZONE,9b661a8d-224e-4798-b958-15aac870c10c,3 jours,,,2026-06-21T15:41:53.783Z
4e574147-f907-495d-9b35-0de9bcaaeddf,8CSJUAD,10000,ACTIVE,,,7cb71057-768a-4d6c-b171-8427e4eecde2,KOLIA WIFI ZONE,9b661a8d-224e-4798-b958-15aac870c10c,3 jours,,,2026-06-21T15:41:54.004Z
2b4b808f-8abb-4463-94f3-0988a071c363,O6T2Z6C,10000,ACTIVE,,,7cb71057-768a-4d6c-b171-8427e4eecde2,KOLIA WIFI ZONE,9b661a8d-224e-4798-b958-15aac870c10c,3 jours,,,2026-06-21T15:41:54.194Z
9cfe26ed-ca62-4690-98e3-5b7513a1872a,B56S8O2,10000,ACTIVE,,,7cb71057-768a-4d6c-b171-8427e4eecde2,KOLIA WIFI ZONE,9b661a8d-224e-4798-b958-15aac870c10c,3 jours,,,2026-06-21T15:41:54.370Z
bd2c8ebd-7e55-4e0c-9420-eb88ccfd1b7c,90ZHK4U,10000,ACTIVE,,,7cb71057-768a-4d6c-b171-8427e4eecde2,KOLIA WIFI ZONE,9b661a8d-224e-4798-b958-15aac870c10c,3 jours,,,2026-06-21T15:41:54.589Z
c3e2aa81-abb4-4dc2-8609-fb0ce71ae8a4,TRB4BT3,10000,ACTIVE,,,7cb71057-768a-4d6c-b171-8427e4eecde2,KOLIA WIFI ZONE,9b661a8d-224e-4798-b958-15aac870c10c,3 jours,,,2026-06-21T15:41:54.769Z
fae20c7e-cd96-45b5-9b1a-6dc59dc1adf5,QC23LS4,10000,ACTIVE,,,7cb71057-768a-4d6c-b171-8427e4eecde2,KOLIA WIFI ZONE,9b661a8d-224e-4798-b958-15aac870c10c,3 jours,,,2026-06-21T15:41:54.953Z
a33b377a-a23d-4cdc-b444-e9717c5e5f45,ZGP1G3B,10000,ACTIVE,,,7cb71057-768a-4d6c-b171-8427e4eecde2,KOLIA WIFI ZONE,9b661a8d-224e-4798-b958-15aac870c10c,3 jours,,,2026-06-21T15:41:55.165Z
20f5df6e-5db2-49d5-9fac-567e3c8e72ab,PSOP39S,10000,ACTIVE,,,7cb71057-768a-4d6c-b171-8427e4eecde2,KOLIA WIFI ZONE,9b661a8d-224e-4798-b958-15aac870c10c,3 jours,,,2026-06-21T15:41:55.352Z
d69ea9ff-48bc-4a45-93d6-ea3737eca54c,XIKWKGE,10000,ACTIVE,,,7cb71057-768a-4d6c-b171-8427e4eecde2,KOLIA WIFI ZONE,9b661a8d-224e-4798-b958-15aac870c10c,3 jours,,,2026-06-21T15:41:55.547Z
b26b1d1d-aa0b-443a-ab24-300b9ac4a720,M8BPLI0,10000,ACTIVE,,,7cb71057-768a-4d6c-b171-8427e4eecde2,KOLIA WIFI ZONE,9b661a8d-224e-4798-b958-15aac870c10c,3 jours,,,2026-06-21T15:41:55.774Z
f6ab7301-4ede-4b06-a2ce-807061df8225,264KOCJ,10000,ACTIVE,,,7cb71057-768a-4d6c-b171-8427e4eecde2,KOLIA WIFI ZONE,9b661a8d-224e-4798-b958-15aac870c10c,3 jours,,,2026-06-21T15:41:55.956Z
d2c7613e-4ed7-4cba-858f-7b40f44cd3e7,PSRXKSJ,10000,ACTIVE,,,7cb71057-768a-4d6c-b171-8427e4eecde2,KOLIA WIFI ZONE,9b661a8d-224e-4798-b958-15aac870c10c,3 jours,,,2026-06-21T15:41:56.137Z
2c233ff7-cb86-435b-babf-875c22a17cdd,5Y38XPJ,10000,ACTIVE,,,7cb71057-768a-4d6c-b171-8427e4eecde2,KOLIA WIFI ZONE,9b661a8d-224e-4798-b958-15aac870c10c,3 jours,,,2026-06-21T15:41:56.358Z
f934ca67-8c1d-4aef-8b9f-37705f30b988,PC1KZBY,10000,ACTIVE,,,7cb71057-768a-4d6c-b171-8427e4eecde2,KOLIA WIFI ZONE,9b661a8d-224e-4798-b958-15aac870c10c,3 jours,,,2026-06-21T15:41:56.551Z
df1c08e1-711e-415c-99c2-a1e9215bd0ba,T8E1WXB,10000,ACTIVE,,,7cb71057-768a-4d6c-b171-8427e4eecde2,KOLIA WIFI ZONE,9b661a8d-224e-4798-b958-15aac870c10c,3 jours,,,2026-06-21T15:41:56.735Z
9d0a0e70-420d-49fd-921a-23411db51ac0,0U5RVT6,10000,ACTIVE,,,7cb71057-768a-4d6c-b171-8427e4eecde2,KOLIA WIFI ZONE,9b661a8d-224e-4798-b958-15aac870c10c,3 jours,,,2026-06-21T15:41:56.980Z
d61a47c9-7eb1-4fb5-95e0-7ad0245f9c84,E289SPM,10000,ACTIVE,,,7cb71057-768a-4d6c-b171-8427e4eecde2,KOLIA WIFI ZONE,9b661a8d-224e-4798-b958-15aac870c10c,3 jours,,,2026-06-21T15:41:57.180Z
157ab76f-cbd8-4be1-9ba8-5e5a3787d491,IBS75RA,10000,ACTIVE,,,7cb71057-768a-4d6c-b171-8427e4eecde2,KOLIA WIFI ZONE,9b661a8d-224e-4798-b958-15aac870c10c,3 jours,,,2026-06-21T15:41:57.364Z
0003b640-e336-43a5-b690-329411a41c10,S9TL440,10000,ACTIVE,,,7cb71057-768a-4d6c-b171-8427e4eecde2,KOLIA WIFI ZONE,9b661a8d-224e-4798-b958-15aac870c10c,3 jours,,,2026-06-21T15:41:57.588Z
7973d523-3e6b-42ca-8c68-ae68390de83e,OTLPQY5,10000,ACTIVE,,,7cb71057-768a-4d6c-b171-8427e4eecde2,KOLIA WIFI ZONE,9b661a8d-224e-4798-b958-15aac870c10c,3 jours,,,2026-06-21T15:41:57.772Z
e95b2990-255b-42f1-92cc-4884e2cec335,U6HJ1XF,10000,ACTIVE,,,7cb71057-768a-4d6c-b171-8427e4eecde2,KOLIA WIFI ZONE,9b661a8d-224e-4798-b958-15aac870c10c,3 jours,,,2026-06-21T15:41:57.958Z
ee4c5303-23e7-46dc-bb82-04c032d9b0a3,EL4YISZ,10000,ACTIVE,,,7cb71057-768a-4d6c-b171-8427e4eecde2,KOLIA WIFI ZONE,9b661a8d-224e-4798-b958-15aac870c10c,3 jours,,,2026-06-21T15:41:58.173Z
5e46fa69-18ee-46c1-bebf-5960c597f7a4,2JKTYUI,10000,ACTIVE,,,7cb71057-768a-4d6c-b171-8427e4eecde2,KOLIA WIFI ZONE,9b661a8d-224e-4798-b958-15aac870c10c,3 jours,,,2026-06-21T15:41:58.352Z
8306ae3d-8cba-4a31-b1ff-4008bee67626,X1J67C6,10000,ACTIVE,,,7cb71057-768a-4d6c-b171-8427e4eecde2,KOLIA WIFI ZONE,9b661a8d-224e-4798-b958-15aac870c10c,3 jours,,,2026-06-21T15:41:58.528Z
777a6386-09f1-4d04-866f-fc6e5149f753,5LY6WDC,10000,ACTIVE,,,7cb71057-768a-4d6c-b171-8427e4eecde2,KOLIA WIFI ZONE,9b661a8d-224e-4798-b958-15aac870c10c,3 jours,,,2026-06-21T15:41:58.750Z
643b6314-5221-4c43-85e2-0da715094fb2,N2W2GTU,10000,ACTIVE,,,7cb71057-768a-4d6c-b171-8427e4eecde2,KOLIA WIFI ZONE,9b661a8d-224e-4798-b958-15aac870c10c,3 jours,,,2026-06-21T15:41:58.917Z
d150aa41-0d16-428d-b582-66d43ddc4b58,KSCTCSR,10000,ACTIVE,,,7cb71057-768a-4d6c-b171-8427e4eecde2,KOLIA WIFI ZONE,9b661a8d-224e-4798-b958-15aac870c10c,3 jours,,,2026-06-21T15:41:59.088Z
14bda84b-6508-4fb5-81ee-2ceaba3a6294,Q4NCA89,10000,ACTIVE,,,7cb71057-768a-4d6c-b171-8427e4eecde2,KOLIA WIFI ZONE,9b661a8d-224e-4798-b958-15aac870c10c,3 jours,,,2026-06-21T15:41:59.346Z
6d91afad-91cd-487b-b747-eafe79631693,6N2F765,10000,ACTIVE,,,7cb71057-768a-4d6c-b171-8427e4eecde2,KOLIA WIFI ZONE,9b661a8d-224e-4798-b958-15aac870c10c,3 jours,,,2026-06-21T15:41:59.525Z
5b08e9be-a6fc-4c99-bc6e-ca8af11f5e58,JB82DZX,10000,ACTIVE,,,7cb71057-768a-4d6c-b171-8427e4eecde2,KOLIA WIFI ZONE,9b661a8d-224e-4798-b958-15aac870c10c,3 jours,,,2026-06-21T15:41:59.696Z
537f2560-95d3-40cf-be7d-d4951ee766fc,MVCYU3H,10000,ACTIVE,,,7cb71057-768a-4d6c-b171-8427e4eecde2,KOLIA WIFI ZONE,9b661a8d-224e-4798-b958-15aac870c10c,3 jours,,,2026-06-21T15:41:59.927Z
4a01274f-eef6-491c-aa30-98e306260d28,1IN66R1,10000,ACTIVE,,,7cb71057-768a-4d6c-b171-8427e4eecde2,KOLIA WIFI ZONE,9b661a8d-224e-4798-b958-15aac870c10c,3 jours,,,2026-06-21T15:42:00.112Z
85827029-edc3-460f-a853-3a1f52b27387,XL3C6DM,20000,ACTIVE,,,7cb71057-768a-4d6c-b171-8427e4eecde2,KOLIA WIFI ZONE,b3265014-cd7c-4fbc-be7b-d9fff09bebf5,1 semaine,,,2026-06-21T15:43:00.297Z
9f7627ee-aa43-430f-b74f-34e60f2ec14e,WLDXH12,20000,ACTIVE,,,7cb71057-768a-4d6c-b171-8427e4eecde2,KOLIA WIFI ZONE,b3265014-cd7c-4fbc-be7b-d9fff09bebf5,1 semaine,,,2026-06-21T15:43:00.497Z
33771e81-d87d-4bf3-be41-f3c22398acdc,I75XJAI,20000,ACTIVE,,,7cb71057-768a-4d6c-b171-8427e4eecde2,KOLIA WIFI ZONE,b3265014-cd7c-4fbc-be7b-d9fff09bebf5,1 semaine,,,2026-06-21T15:43:00.749Z
4f2a4e8d-236d-49d5-9c1f-b8702f7eaa7c,8IY3ZTA,20000,ACTIVE,,,7cb71057-768a-4d6c-b171-8427e4eecde2,KOLIA WIFI ZONE,b3265014-cd7c-4fbc-be7b-d9fff09bebf5,1 semaine,,,2026-06-21T15:43:00.936Z
702458f7-f73e-4d8c-939d-f8a10a299e61,VG8JA1V,20000,ACTIVE,,,7cb71057-768a-4d6c-b171-8427e4eecde2,KOLIA WIFI ZONE,b3265014-cd7c-4fbc-be7b-d9fff09bebf5,1 semaine,,,2026-06-21T15:43:01.116Z
569d1c78-ebb6-46fa-8c40-93a6b5aa59c7,5RVDAOX,20000,ACTIVE,,,7cb71057-768a-4d6c-b171-8427e4eecde2,KOLIA WIFI ZONE,b3265014-cd7c-4fbc-be7b-d9fff09bebf5,1 semaine,,,2026-06-21T15:43:01.356Z
80c676d1-32a5-44ef-bea1-1f97f912221a,Y7RS6JC,20000,ACTIVE,,,7cb71057-768a-4d6c-b171-8427e4eecde2,KOLIA WIFI ZONE,b3265014-cd7c-4fbc-be7b-d9fff09bebf5,1 semaine,,,2026-06-21T15:43:01.549Z
b652c970-5054-4dda-9472-7d57768e11b9,Z47Q35F,20000,ACTIVE,,,7cb71057-768a-4d6c-b171-8427e4eecde2,KOLIA WIFI ZONE,b3265014-cd7c-4fbc-be7b-d9fff09bebf5,1 semaine,,,2026-06-21T15:43:01.746Z
751fa013-2958-4b5f-ad71-fd483cd9ef0c,SECQW89,20000,ACTIVE,,,7cb71057-768a-4d6c-b171-8427e4eecde2,KOLIA WIFI ZONE,b3265014-cd7c-4fbc-be7b-d9fff09bebf5,1 semaine,,,2026-06-21T15:43:01.987Z
c234788b-8344-4074-a500-cb4daa1dae5b,EYZ8QTT,20000,ACTIVE,,,7cb71057-768a-4d6c-b171-8427e4eecde2,KOLIA WIFI ZONE,b3265014-cd7c-4fbc-be7b-d9fff09bebf5,1 semaine,,,2026-06-21T15:43:02.196Z
de82ca84-78b0-413f-aae7-e9206cc1551f,WGMQ783,20000,ACTIVE,,,7cb71057-768a-4d6c-b171-8427e4eecde2,KOLIA WIFI ZONE,b3265014-cd7c-4fbc-be7b-d9fff09bebf5,1 semaine,,,2026-06-21T15:43:02.388Z
3852d9a1-090f-46fa-aec1-4bed279caa5e,ZLJ8AK4,20000,ACTIVE,,,7cb71057-768a-4d6c-b171-8427e4eecde2,KOLIA WIFI ZONE,b3265014-cd7c-4fbc-be7b-d9fff09bebf5,1 semaine,,,2026-06-21T15:43:02.621Z
311b42ec-8ef1-4a3a-a29e-2c2a172a8cf7,ULZOA28,20000,ACTIVE,,,7cb71057-768a-4d6c-b171-8427e4eecde2,KOLIA WIFI ZONE,b3265014-cd7c-4fbc-be7b-d9fff09bebf5,1 semaine,,,2026-06-21T15:43:02.804Z
351c5583-07c2-47e6-9a38-cdd4e88f3a16,OQROB23,20000,ACTIVE,,,7cb71057-768a-4d6c-b171-8427e4eecde2,KOLIA WIFI ZONE,b3265014-cd7c-4fbc-be7b-d9fff09bebf5,1 semaine,,,2026-06-21T15:43:03.000Z
152e8479-a217-4893-b17b-8c05d63402b1,06BG695,20000,ACTIVE,,,7cb71057-768a-4d6c-b171-8427e4eecde2,KOLIA WIFI ZONE,b3265014-cd7c-4fbc-be7b-d9fff09bebf5,1 semaine,,,2026-06-21T15:43:03.258Z
952eef34-4a2b-478e-be2f-e05a263d9dc2,DM8LQLX,20000,ACTIVE,,,7cb71057-768a-4d6c-b171-8427e4eecde2,KOLIA WIFI ZONE,b3265014-cd7c-4fbc-be7b-d9fff09bebf5,1 semaine,,,2026-06-21T15:43:03.448Z
a65cd045-bd6b-4b1c-bd55-6849c02aaca3,63PA09N,20000,ACTIVE,,,7cb71057-768a-4d6c-b171-8427e4eecde2,KOLIA WIFI ZONE,b3265014-cd7c-4fbc-be7b-d9fff09bebf5,1 semaine,,,2026-06-21T15:43:03.645Z
f47391f5-44fd-4063-9460-6c7b66f1d3fd,HGK86GG,20000,ACTIVE,,,7cb71057-768a-4d6c-b171-8427e4eecde2,KOLIA WIFI ZONE,b3265014-cd7c-4fbc-be7b-d9fff09bebf5,1 semaine,,,2026-06-21T15:43:03.884Z
d0d2fde4-b4fe-4716-9b90-9e199454bd1d,UX6QU5L,20000,ACTIVE,,,7cb71057-768a-4d6c-b171-8427e4eecde2,KOLIA WIFI ZONE,b3265014-cd7c-4fbc-be7b-d9fff09bebf5,1 semaine,,,2026-06-21T15:43:04.076Z
a0eda344-cce7-4522-9f76-1295d92218ff,H3UQYKS,20000,ACTIVE,,,7cb71057-768a-4d6c-b171-8427e4eecde2,KOLIA WIFI ZONE,b3265014-cd7c-4fbc-be7b-d9fff09bebf5,1 semaine,,,2026-06-21T15:43:04.285Z
d00b4b74-ba0d-47d0-81cf-9094fb24667e,BDAF9IQ,20000,ACTIVE,,,7cb71057-768a-4d6c-b171-8427e4eecde2,KOLIA WIFI ZONE,b3265014-cd7c-4fbc-be7b-d9fff09bebf5,1 semaine,,,2026-06-21T15:43:04.529Z
f79b8990-630a-468d-808a-6a06b1dd8dcb,GW12N1Q,20000,ACTIVE,,,7cb71057-768a-4d6c-b171-8427e4eecde2,KOLIA WIFI ZONE,b3265014-cd7c-4fbc-be7b-d9fff09bebf5,1 semaine,,,2026-06-21T15:43:04.784Z
9f906c48-0116-45a4-ac9e-5125bb467360,EYA0VQ1,20000,ACTIVE,,,7cb71057-768a-4d6c-b171-8427e4eecde2,KOLIA WIFI ZONE,b3265014-cd7c-4fbc-be7b-d9fff09bebf5,1 semaine,,,2026-06-21T15:43:04.964Z
8ecdd5ae-0c37-44a4-8fc8-f578b4cd4810,RGAR9GA,20000,ACTIVE,,,7cb71057-768a-4d6c-b171-8427e4eecde2,KOLIA WIFI ZONE,b3265014-cd7c-4fbc-be7b-d9fff09bebf5,1 semaine,,,2026-06-21T15:43:05.192Z
d311708a-c6a4-4cc6-b743-27f5605d5bce,0G8NGXG,20000,ACTIVE,,,7cb71057-768a-4d6c-b171-8427e4eecde2,KOLIA WIFI ZONE,b3265014-cd7c-4fbc-be7b-d9fff09bebf5,1 semaine,,,2026-06-21T15:43:05.393Z
5178d7c3-62aa-4c09-9b2e-09eb723d50f3,GZNGMCO,20000,ACTIVE,,,7cb71057-768a-4d6c-b171-8427e4eecde2,KOLIA WIFI ZONE,b3265014-cd7c-4fbc-be7b-d9fff09bebf5,1 semaine,,,2026-06-21T15:43:05.590Z
c8485731-b60c-4ca1-b9e6-cb4c766be8d7,J8F3TTF,20000,ACTIVE,,,7cb71057-768a-4d6c-b171-8427e4eecde2,KOLIA WIFI ZONE,b3265014-cd7c-4fbc-be7b-d9fff09bebf5,1 semaine,,,2026-06-21T15:43:05.832Z
25516f4a-f3e1-4095-a66a-31401ec5e8ca,NDRKKQO,20000,ACTIVE,,,7cb71057-768a-4d6c-b171-8427e4eecde2,KOLIA WIFI ZONE,b3265014-cd7c-4fbc-be7b-d9fff09bebf5,1 semaine,,,2026-06-21T15:43:06.028Z
e8412c05-6d86-45f1-a45a-c8a33e142149,KTZ757L,20000,ACTIVE,,,7cb71057-768a-4d6c-b171-8427e4eecde2,KOLIA WIFI ZONE,b3265014-cd7c-4fbc-be7b-d9fff09bebf5,1 semaine,,,2026-06-21T15:43:06.235Z
1efadcda-420b-4c96-904f-52280c12d9d8,APZKLZU,20000,ACTIVE,,,7cb71057-768a-4d6c-b171-8427e4eecde2,KOLIA WIFI ZONE,b3265014-cd7c-4fbc-be7b-d9fff09bebf5,1 semaine,,,2026-06-21T15:43:06.467Z
73a230fd-f250-442a-80a6-e5f3a4ef48ea,9X6O8JQ,20000,ACTIVE,,,7cb71057-768a-4d6c-b171-8427e4eecde2,KOLIA WIFI ZONE,b3265014-cd7c-4fbc-be7b-d9fff09bebf5,1 semaine,,,2026-06-21T15:43:06.676Z
a262f625-4af6-4428-87b8-4d294f22d5e2,ZT43NS5,20000,ACTIVE,,,7cb71057-768a-4d6c-b171-8427e4eecde2,KOLIA WIFI ZONE,b3265014-cd7c-4fbc-be7b-d9fff09bebf5,1 semaine,,,2026-06-21T15:43:06.871Z
abf0fc1f-ddb3-4891-8f0e-846e541dfdbf,GPOPFN7,20000,ACTIVE,,,7cb71057-768a-4d6c-b171-8427e4eecde2,KOLIA WIFI ZONE,b3265014-cd7c-4fbc-be7b-d9fff09bebf5,1 semaine,,,2026-06-21T15:43:07.116Z
316d5e47-c0a4-4f2a-a3c5-66fddcd4dff3,0DWV2K7,20000,ACTIVE,,,7cb71057-768a-4d6c-b171-8427e4eecde2,KOLIA WIFI ZONE,b3265014-cd7c-4fbc-be7b-d9fff09bebf5,1 semaine,,,2026-06-21T15:43:07.304Z
b4ea38cf-5583-49df-831e-9309a507d307,X61FSFP,20000,ACTIVE,,,7cb71057-768a-4d6c-b171-8427e4eecde2,KOLIA WIFI ZONE,b3265014-cd7c-4fbc-be7b-d9fff09bebf5,1 semaine,,,2026-06-21T15:43:07.528Z
70f1a966-8a89-41ac-8818-30328539d686,0RH7I5S,20000,ACTIVE,,,7cb71057-768a-4d6c-b171-8427e4eecde2,KOLIA WIFI ZONE,b3265014-cd7c-4fbc-be7b-d9fff09bebf5,1 semaine,,,2026-06-21T15:43:07.772Z
dc3e15c5-badc-441f-8f58-72f43ef97089,MWP5XL7,20000,ACTIVE,,,7cb71057-768a-4d6c-b171-8427e4eecde2,KOLIA WIFI ZONE,b3265014-cd7c-4fbc-be7b-d9fff09bebf5,1 semaine,,,2026-06-21T15:43:07.966Z
01e6f42b-22ef-43c7-a22c-cfb423742316,B9VRINK,20000,ACTIVE,,,7cb71057-768a-4d6c-b171-8427e4eecde2,KOLIA WIFI ZONE,b3265014-cd7c-4fbc-be7b-d9fff09bebf5,1 semaine,,,2026-06-21T15:43:08.164Z
e6691927-d283-455c-a466-0a58e5bcd4e6,GAF0XY1,20000,ACTIVE,,,7cb71057-768a-4d6c-b171-8427e4eecde2,KOLIA WIFI ZONE,b3265014-cd7c-4fbc-be7b-d9fff09bebf5,1 semaine,,,2026-06-21T15:43:08.412Z
5c5958f3-a009-4452-bd7c-e1d6d95a0c93,TEDYH8Z,20000,ACTIVE,,,7cb71057-768a-4d6c-b171-8427e4eecde2,KOLIA WIFI ZONE,b3265014-cd7c-4fbc-be7b-d9fff09bebf5,1 semaine,,,2026-06-21T15:43:08.616Z
d76b9dd1-7c05-49ed-87bc-13a1f8676bd6,Z1D2KSE,20000,ACTIVE,,,7cb71057-768a-4d6c-b171-8427e4eecde2,KOLIA WIFI ZONE,b3265014-cd7c-4fbc-be7b-d9fff09bebf5,1 semaine,,,2026-06-21T15:43:08.827Z
bca29de2-e077-4c14-b201-b95e888dd761,EI3EOJO,20000,ACTIVE,,,7cb71057-768a-4d6c-b171-8427e4eecde2,KOLIA WIFI ZONE,b3265014-cd7c-4fbc-be7b-d9fff09bebf5,1 semaine,,,2026-06-21T15:43:09.067Z
8126d582-4034-4d44-a73d-0cb56f777dd2,CKCFHVQ,20000,ACTIVE,,,7cb71057-768a-4d6c-b171-8427e4eecde2,KOLIA WIFI ZONE,b3265014-cd7c-4fbc-be7b-d9fff09bebf5,1 semaine,,,2026-06-21T15:43:09.252Z
b3f9b0dc-460e-4aaa-91e8-8442771e12c8,XN3Q41J,20000,ACTIVE,,,7cb71057-768a-4d6c-b171-8427e4eecde2,KOLIA WIFI ZONE,b3265014-cd7c-4fbc-be7b-d9fff09bebf5,1 semaine,,,2026-06-21T15:43:09.435Z
7495971d-00b1-4329-88d0-7d7c2c62b379,DV5K69X,20000,ACTIVE,,,7cb71057-768a-4d6c-b171-8427e4eecde2,KOLIA WIFI ZONE,b3265014-cd7c-4fbc-be7b-d9fff09bebf5,1 semaine,,,2026-06-21T15:43:09.716Z
8a08a10a-d496-4b58-a22f-6a4b4c697568,75NG1RZ,20000,ACTIVE,,,7cb71057-768a-4d6c-b171-8427e4eecde2,KOLIA WIFI ZONE,b3265014-cd7c-4fbc-be7b-d9fff09bebf5,1 semaine,,,2026-06-21T15:43:09.912Z
98b04caf-f3ad-4116-8657-0ff31389ea57,R4M8EZX,20000,ACTIVE,,,7cb71057-768a-4d6c-b171-8427e4eecde2,KOLIA WIFI ZONE,b3265014-cd7c-4fbc-be7b-d9fff09bebf5,1 semaine,,,2026-06-21T15:43:10.100Z
de00352a-99fe-4f7a-8cfe-cce472d78094,PT1BXON,20000,ACTIVE,,,7cb71057-768a-4d6c-b171-8427e4eecde2,KOLIA WIFI ZONE,b3265014-cd7c-4fbc-be7b-d9fff09bebf5,1 semaine,,,2026-06-21T15:43:10.341Z
304dd749-1d95-41ca-866c-c217f3dc647a,ICEPAC7,20000,ACTIVE,,,7cb71057-768a-4d6c-b171-8427e4eecde2,KOLIA WIFI ZONE,b3265014-cd7c-4fbc-be7b-d9fff09bebf5,1 semaine,,,2026-06-21T15:43:10.548Z
60251fcf-d0b5-4d70-9b9b-b8e489dbee77,1I248M5,20000,ACTIVE,,,7cb71057-768a-4d6c-b171-8427e4eecde2,KOLIA WIFI ZONE,b3265014-cd7c-4fbc-be7b-d9fff09bebf5,1 semaine,,,2026-06-21T15:43:10.778Z
c29c3cee-e56d-4d59-b92a-5444b4711b81,V6PSBM5,20000,ACTIVE,,,7cb71057-768a-4d6c-b171-8427e4eecde2,KOLIA WIFI ZONE,b3265014-cd7c-4fbc-be7b-d9fff09bebf5,1 semaine,,,2026-06-21T15:43:11.057Z
cc03eba1-51f3-4ed5-b8ce-819a7b2f283d,4KMXLGF,20000,ACTIVE,,,7cb71057-768a-4d6c-b171-8427e4eecde2,KOLIA WIFI ZONE,b3265014-cd7c-4fbc-be7b-d9fff09bebf5,1 semaine,,,2026-06-21T15:43:11.291Z
4d9feabe-4a05-4274-89bd-36ec4980ea73,7L81DYD,70000,ACTIVE,,,7cb71057-768a-4d6c-b171-8427e4eecde2,KOLIA WIFI ZONE,7e2f5bc2-51fb-4d4f-bc10-42262f69aa68,1 mois,,,2026-06-21T15:44:03.748Z
93c59279-5fef-4f13-9e86-5c305e75f676,569URFY,70000,ACTIVE,,,7cb71057-768a-4d6c-b171-8427e4eecde2,KOLIA WIFI ZONE,7e2f5bc2-51fb-4d4f-bc10-42262f69aa68,1 mois,,,2026-06-21T15:44:03.931Z
94f613d2-9c66-4554-8108-3df4d2ab04ed,SYTJKIO,70000,ACTIVE,,,7cb71057-768a-4d6c-b171-8427e4eecde2,KOLIA WIFI ZONE,7e2f5bc2-51fb-4d4f-bc10-42262f69aa68,1 mois,,,2026-06-21T15:44:04.146Z
1c1a14c2-0203-49b3-86d8-2b2c17e6c6af,J8PMCPM,70000,ACTIVE,,,7cb71057-768a-4d6c-b171-8427e4eecde2,KOLIA WIFI ZONE,7e2f5bc2-51fb-4d4f-bc10-42262f69aa68,1 mois,,,2026-06-21T15:44:04.326Z
49ebfcde-9650-4531-8f7d-9f295ca82371,PE6UQEB,70000,ACTIVE,,,7cb71057-768a-4d6c-b171-8427e4eecde2,KOLIA WIFI ZONE,7e2f5bc2-51fb-4d4f-bc10-42262f69aa68,1 mois,,,2026-06-21T15:44:04.511Z
cab84057-4c88-446b-8191-ca5c1bceb5fe,MZ6414U,70000,ACTIVE,,,7cb71057-768a-4d6c-b171-8427e4eecde2,KOLIA WIFI ZONE,7e2f5bc2-51fb-4d4f-bc10-42262f69aa68,1 mois,,,2026-06-21T15:44:04.739Z
e887cf1f-9f6c-4a0d-897e-6eb859702ba2,8RJDJZK,70000,ACTIVE,,,7cb71057-768a-4d6c-b171-8427e4eecde2,KOLIA WIFI ZONE,7e2f5bc2-51fb-4d4f-bc10-42262f69aa68,1 mois,,,2026-06-21T15:44:04.924Z
bc5d7e03-6953-4157-b8ef-8e50130fa02b,5I8D7BA,70000,ACTIVE,,,7cb71057-768a-4d6c-b171-8427e4eecde2,KOLIA WIFI ZONE,7e2f5bc2-51fb-4d4f-bc10-42262f69aa68,1 mois,,,2026-06-21T15:44:05.113Z
ee4f5add-f14d-45c6-8af4-cd2cdb5dc1c5,5A0UQOC,70000,ACTIVE,,,7cb71057-768a-4d6c-b171-8427e4eecde2,KOLIA WIFI ZONE,7e2f5bc2-51fb-4d4f-bc10-42262f69aa68,1 mois,,,2026-06-21T15:44:05.363Z
8a154107-a15b-40b7-81ae-6525bc120e1b,RAFMHZR,70000,ACTIVE,,,7cb71057-768a-4d6c-b171-8427e4eecde2,KOLIA WIFI ZONE,7e2f5bc2-51fb-4d4f-bc10-42262f69aa68,1 mois,,,2026-06-21T15:44:05.553Z
bb554f4a-9275-4878-871f-c4a2552db627,M52WB8U,70000,ACTIVE,,,7cb71057-768a-4d6c-b171-8427e4eecde2,KOLIA WIFI ZONE,7e2f5bc2-51fb-4d4f-bc10-42262f69aa68,1 mois,,,2026-06-21T15:44:05.751Z
74a78e88-8959-4e41-bd94-eed167a4da07,X5Y7PG9,70000,ACTIVE,,,7cb71057-768a-4d6c-b171-8427e4eecde2,KOLIA WIFI ZONE,7e2f5bc2-51fb-4d4f-bc10-42262f69aa68,1 mois,,,2026-06-21T15:44:05.989Z
573c1dc7-1fc4-4304-98b6-19b4cb76d724,TIKNY1K,70000,ACTIVE,,,7cb71057-768a-4d6c-b171-8427e4eecde2,KOLIA WIFI ZONE,7e2f5bc2-51fb-4d4f-bc10-42262f69aa68,1 mois,,,2026-06-21T15:44:06.181Z
4bd0ea2e-c9a0-4fb6-a909-2c02a80528c7,8ADMAED,70000,ACTIVE,,,7cb71057-768a-4d6c-b171-8427e4eecde2,KOLIA WIFI ZONE,7e2f5bc2-51fb-4d4f-bc10-42262f69aa68,1 mois,,,2026-06-21T15:44:06.363Z
f86cb203-b3a0-4c9a-9bfb-e8e9c966754d,TZ3FP41,70000,ACTIVE,,,7cb71057-768a-4d6c-b171-8427e4eecde2,KOLIA WIFI ZONE,7e2f5bc2-51fb-4d4f-bc10-42262f69aa68,1 mois,,,2026-06-21T15:44:06.601Z
69841c02-c2e4-4350-809d-fb602c37313b,0VYDMV5,70000,ACTIVE,,,7cb71057-768a-4d6c-b171-8427e4eecde2,KOLIA WIFI ZONE,7e2f5bc2-51fb-4d4f-bc10-42262f69aa68,1 mois,,,2026-06-21T15:44:06.784Z
9e1c03da-3395-4dcb-be8d-3088915b8c16,DV2G07R,70000,ACTIVE,,,7cb71057-768a-4d6c-b171-8427e4eecde2,KOLIA WIFI ZONE,7e2f5bc2-51fb-4d4f-bc10-42262f69aa68,1 mois,,,2026-06-21T15:44:06.967Z
e13da58a-6517-4e47-b491-391750308eba,K2MYP40,70000,ACTIVE,,,7cb71057-768a-4d6c-b171-8427e4eecde2,KOLIA WIFI ZONE,7e2f5bc2-51fb-4d4f-bc10-42262f69aa68,1 mois,,,2026-06-21T15:44:07.201Z
0d5257b6-b714-4b1a-bfbf-8f0a7df5a919,K6J0QMS,70000,ACTIVE,,,7cb71057-768a-4d6c-b171-8427e4eecde2,KOLIA WIFI ZONE,7e2f5bc2-51fb-4d4f-bc10-42262f69aa68,1 mois,,,2026-06-21T15:44:07.391Z
c7c2bba8-4963-4dcf-b369-7e0f7d3e161d,6WXIKZ5,70000,ACTIVE,,,7cb71057-768a-4d6c-b171-8427e4eecde2,KOLIA WIFI ZONE,7e2f5bc2-51fb-4d4f-bc10-42262f69aa68,1 mois,,,2026-06-21T15:44:07.575Z
b785fb4a-b58d-4a5d-ac6a-1ab98f60a6c8,4408OT7,70000,ACTIVE,,,7cb71057-768a-4d6c-b171-8427e4eecde2,KOLIA WIFI ZONE,7e2f5bc2-51fb-4d4f-bc10-42262f69aa68,1 mois,,,2026-06-21T15:44:07.803Z
f7e21d2d-6b13-4605-823e-b7a91d307129,HGX07YY,70000,ACTIVE,,,7cb71057-768a-4d6c-b171-8427e4eecde2,KOLIA WIFI ZONE,7e2f5bc2-51fb-4d4f-bc10-42262f69aa68,1 mois,,,2026-06-21T15:44:07.992Z
28e8a952-6584-4f24-9c48-9afe27716c2b,HAFHN5H,70000,ACTIVE,,,7cb71057-768a-4d6c-b171-8427e4eecde2,KOLIA WIFI ZONE,7e2f5bc2-51fb-4d4f-bc10-42262f69aa68,1 mois,,,2026-06-21T15:44:08.173Z
b8d34365-8b69-4980-9d54-94f35d5276cd,WI9KAY1,70000,ACTIVE,,,7cb71057-768a-4d6c-b171-8427e4eecde2,KOLIA WIFI ZONE,7e2f5bc2-51fb-4d4f-bc10-42262f69aa68,1 mois,,,2026-06-21T15:44:08.414Z
38f49a65-c837-4874-95a2-1fec06a7e909,JFXKGS7,70000,ACTIVE,,,7cb71057-768a-4d6c-b171-8427e4eecde2,KOLIA WIFI ZONE,7e2f5bc2-51fb-4d4f-bc10-42262f69aa68,1 mois,,,2026-06-21T15:44:08.592Z
e1aeaad6-58e9-4a6c-a0d7-f994f27022ef,X7HM290,70000,ACTIVE,,,7cb71057-768a-4d6c-b171-8427e4eecde2,KOLIA WIFI ZONE,7e2f5bc2-51fb-4d4f-bc10-42262f69aa68,1 mois,,,2026-06-21T15:44:08.770Z
bd363d1a-ecf7-4329-b1d0-37ab3eb1044b,VJ4SEOK,70000,ACTIVE,,,7cb71057-768a-4d6c-b171-8427e4eecde2,KOLIA WIFI ZONE,7e2f5bc2-51fb-4d4f-bc10-42262f69aa68,1 mois,,,2026-06-21T15:44:09.005Z
37e98d06-2c36-44bb-b63f-f5a9a08e464a,EZ8RTW5,70000,ACTIVE,,,7cb71057-768a-4d6c-b171-8427e4eecde2,KOLIA WIFI ZONE,7e2f5bc2-51fb-4d4f-bc10-42262f69aa68,1 mois,,,2026-06-21T15:44:09.191Z
48939eff-dab2-4f5d-accd-2b407df44d52,X85ES7R,70000,ACTIVE,,,7cb71057-768a-4d6c-b171-8427e4eecde2,KOLIA WIFI ZONE,7e2f5bc2-51fb-4d4f-bc10-42262f69aa68,1 mois,,,2026-06-21T15:44:09.377Z
07fb1054-6bf6-410e-b39b-540bf13574e0,OJX50XN,70000,ACTIVE,,,7cb71057-768a-4d6c-b171-8427e4eecde2,KOLIA WIFI ZONE,7e2f5bc2-51fb-4d4f-bc10-42262f69aa68,1 mois,,,2026-06-21T15:44:09.605Z
beaf2deb-1d5e-4a82-ba3d-11b1ba6dbed6,O16ORDL,70000,ACTIVE,,,7cb71057-768a-4d6c-b171-8427e4eecde2,KOLIA WIFI ZONE,7e2f5bc2-51fb-4d4f-bc10-42262f69aa68,1 mois,,,2026-06-21T15:44:09.796Z
7ce8f85b-6f92-4875-8152-cd195ef541f1,RU6PJ68,70000,ACTIVE,,,7cb71057-768a-4d6c-b171-8427e4eecde2,KOLIA WIFI ZONE,7e2f5bc2-51fb-4d4f-bc10-42262f69aa68,1 mois,,,2026-06-21T15:44:09.967Z
751c5319-70ac-4c25-b50c-f3ec3fe82080,TR62TK7,70000,ACTIVE,,,7cb71057-768a-4d6c-b171-8427e4eecde2,KOLIA WIFI ZONE,7e2f5bc2-51fb-4d4f-bc10-42262f69aa68,1 mois,,,2026-06-21T15:44:10.193Z
7a535eae-bdad-495f-b598-2120a1ccd0ac,JKXLPC5,70000,ACTIVE,,,7cb71057-768a-4d6c-b171-8427e4eecde2,KOLIA WIFI ZONE,7e2f5bc2-51fb-4d4f-bc10-42262f69aa68,1 mois,,,2026-06-21T15:44:10.363Z
25c25531-ec79-4652-8a59-f0adf260003c,CC67TLL,70000,ACTIVE,,,7cb71057-768a-4d6c-b171-8427e4eecde2,KOLIA WIFI ZONE,7e2f5bc2-51fb-4d4f-bc10-42262f69aa68,1 mois,,,2026-06-21T15:44:10.543Z
eca15fbb-c245-43a2-b8d5-65aef438f465,K21QB42,70000,ACTIVE,,,7cb71057-768a-4d6c-b171-8427e4eecde2,KOLIA WIFI ZONE,7e2f5bc2-51fb-4d4f-bc10-42262f69aa68,1 mois,,,2026-06-21T15:44:10.775Z
27a8899f-fa95-4a61-b5f4-f6724cd38668,7FKP1CO,70000,ACTIVE,,,7cb71057-768a-4d6c-b171-8427e4eecde2,KOLIA WIFI ZONE,7e2f5bc2-51fb-4d4f-bc10-42262f69aa68,1 mois,,,2026-06-21T15:44:10.994Z
02dc4caa-2e41-4893-a0ad-53a57a9b8c23,8L6ZN1X,70000,ACTIVE,,,7cb71057-768a-4d6c-b171-8427e4eecde2,KOLIA WIFI ZONE,7e2f5bc2-51fb-4d4f-bc10-42262f69aa68,1 mois,,,2026-06-21T15:44:11.177Z
3b728df4-f9fb-4d77-abea-ef5794f55fde,3HEYXV4,70000,ACTIVE,,,7cb71057-768a-4d6c-b171-8427e4eecde2,KOLIA WIFI ZONE,7e2f5bc2-51fb-4d4f-bc10-42262f69aa68,1 mois,,,2026-06-21T15:44:11.398Z
564a383c-3610-41e7-a0d9-189f3d9f2cde,JI9LCQV,70000,ACTIVE,,,7cb71057-768a-4d6c-b171-8427e4eecde2,KOLIA WIFI ZONE,7e2f5bc2-51fb-4d4f-bc10-42262f69aa68,1 mois,,,2026-06-21T15:44:11.594Z
c7d8aa67-843b-406f-96d8-a30cbe7528a7,X2I1LW0,70000,ACTIVE,,,7cb71057-768a-4d6c-b171-8427e4eecde2,KOLIA WIFI ZONE,7e2f5bc2-51fb-4d4f-bc10-42262f69aa68,1 mois,,,2026-06-21T15:44:11.781Z
8377f1fa-bb0f-498b-818f-43fdb7134c0c,AB3PWSD,70000,ACTIVE,,,7cb71057-768a-4d6c-b171-8427e4eecde2,KOLIA WIFI ZONE,7e2f5bc2-51fb-4d4f-bc10-42262f69aa68,1 mois,,,2026-06-21T15:44:12.007Z
32f947b2-f23e-4889-a61f-d9169ac7e848,0OBCS21,70000,ACTIVE,,,7cb71057-768a-4d6c-b171-8427e4eecde2,KOLIA WIFI ZONE,7e2f5bc2-51fb-4d4f-bc10-42262f69aa68,1 mois,,,2026-06-21T15:44:12.205Z
8d438597-a565-4276-800a-18c13af1ddc7,7STPEKZ,70000,ACTIVE,,,7cb71057-768a-4d6c-b171-8427e4eecde2,KOLIA WIFI ZONE,7e2f5bc2-51fb-4d4f-bc10-42262f69aa68,1 mois,,,2026-06-21T15:44:12.390Z
d7b0d994-9adc-40e1-b791-22ff39f012d1,KYGPMNW,70000,ACTIVE,,,7cb71057-768a-4d6c-b171-8427e4eecde2,KOLIA WIFI ZONE,7e2f5bc2-51fb-4d4f-bc10-42262f69aa68,1 mois,,,2026-06-21T15:44:12.617Z
fca28d98-57cb-4657-9454-d52068d221db,9Y3M2NJ,70000,ACTIVE,,,7cb71057-768a-4d6c-b171-8427e4eecde2,KOLIA WIFI ZONE,7e2f5bc2-51fb-4d4f-bc10-42262f69aa68,1 mois,,,2026-06-21T15:44:12.795Z
230d26fd-87d1-45ea-8a0c-45888643aded,IYYRKHT,70000,ACTIVE,,,7cb71057-768a-4d6c-b171-8427e4eecde2,KOLIA WIFI ZONE,7e2f5bc2-51fb-4d4f-bc10-42262f69aa68,1 mois,,,2026-06-21T15:44:12.999Z
a3fd1761-d05e-4b56-8df5-bcae5eb022b4,K1JEUZW,70000,ACTIVE,,,7cb71057-768a-4d6c-b171-8427e4eecde2,KOLIA WIFI ZONE,7e2f5bc2-51fb-4d4f-bc10-42262f69aa68,1 mois,,,2026-06-21T15:44:13.226Z
a09d7514-857d-49ee-bcb6-cd86437583e1,648DFLD,70000,ACTIVE,,,7cb71057-768a-4d6c-b171-8427e4eecde2,KOLIA WIFI ZONE,7e2f5bc2-51fb-4d4f-bc10-42262f69aa68,1 mois,,,2026-06-21T15:44:13.421Z
dae2cc2f-6a1d-40a7-bf2d-b43082bed08b,3IDJKAO,70000,ACTIVE,,,7cb71057-768a-4d6c-b171-8427e4eecde2,KOLIA WIFI ZONE,7e2f5bc2-51fb-4d4f-bc10-42262f69aa68,1 mois,,,2026-06-21T15:44:13.624Z
9895fb08-61ef-46bc-90d0-6fd861287c5d,ZB9V4M5,70000,ACTIVE,,,7cb71057-768a-4d6c-b171-8427e4eecde2,KOLIA WIFI ZONE,7e2f5bc2-51fb-4d4f-bc10-42262f69aa68,1 mois,,,2026-06-21T15:44:13.860Z
be3c26ca-f308-408c-81c9-9306f42f222f,M81RU9S,70000,ACTIVE,,,7cb71057-768a-4d6c-b171-8427e4eecde2,KOLIA WIFI ZONE,7e2f5bc2-51fb-4d4f-bc10-42262f69aa68,1 mois,,,2026-06-21T15:44:14.040Z
2210b6ea-4e52-4ab1-a9b0-4c21f4d8bf02,6UFRDAL,20000,ACTIVE,,,7cb71057-768a-4d6c-b171-8427e4eecde2,KOLIA WIFI ZONE,b3265014-cd7c-4fbc-be7b-d9fff09bebf5,1 semaine,,,2026-06-22T12:36:24.041Z